Record Length,2.500000e+03,,   0.038400000000,   1.49200,
Sample Interval,4.000000e-06,,   0.038404000000,   1.49200,
Trigger Point,-9.600000000000e+03,,   0.038408000000,   1.49200,
,,,   0.038412000000,   1.49200,
,,,   0.038416000000,   1.49200,
,,,   0.038420000000,   1.49200,
Source,CH2,,   0.038424000000,   1.49200,
Vertical Units,V,,   0.038428000000,   1.49200,
Vertical Scale,1.000000e-01,,   0.038432000000,   1.49200,
Vertical Offset,-2.000000e+00,,   0.038436000000,   1.49200,
Horizontal Units,s,,   0.038440000000,   1.49200,
Horizontal Scale,1.000000e-03,,   0.038444000000,   1.49200,
Pt Fmt,Y,,   0.038448000000,   1.49200,
Yzero,0.000000e+00,,   0.038452000000,   1.49200,
Probe Atten,1.000000e+00,,   0.038456000000,   1.49200,
Model Number,TDS2001C,,   0.038460000000,   1.49200,
Serial Number,C013628,,   0.038464000000,   1.49200,
Firmware Version,FV:v24.17,,   0.038468000000,   1.49200,
,,,0.038472000000,   1.49200,
,,,0.038476000000,   1.49200,
,,,0.038480000000,   1.49200,
,,,0.038484000000,   1.49200,
,,,0.038488000000,   1.49200,
,,,0.038492000000,   1.49200,
,,,0.038496000000,   1.49200,
,,,0.038500000000,   1.49200,
,,,0.038504000000,   1.49200,
,,,0.038508000000,   1.49200,
,,,0.038512000000,   1.49200,
,,,0.038516000000,   1.49200,
,,,0.038520000000,   1.49200,
,,,0.038524000000,   1.49200,
,,,0.038528000000,   1.49200,
,,,0.038532000000,   1.49200,
,,,0.038536000000,   1.49200,
,,,0.038540000000,   1.49200,
,,,0.038544000000,   1.49200,
,,,0.038548000000,   1.49200,
,,,0.038552000000,   1.49200,
,,,0.038556000000,   1.49200,
,,,0.038560000000,   1.49200,
,,,0.038564000000,   1.49200,
,,,0.038568000000,   1.49200,
,,,0.038572000000,   1.49200,
,,,0.038576000000,   1.49200,
,,,0.038580000000,   1.49200,
,,,0.038584000000,   1.49200,
,,,0.038588000000,   1.49200,
,,,0.038592000000,   1.49200,
,,,0.038596000000,   1.49200,
,,,0.038600000000,   1.49200,
,,,0.038604000000,   1.49200,
,,,0.038608000000,   1.49200,
,,,0.038612000000,   1.49200,
,,,0.038616000000,   1.49200,
,,,0.038620000000,   1.49200,
,,,0.038624000000,   1.49200,
,,,0.038628000000,   1.49200,
,,,0.038632000000,   1.49200,
,,,0.038636000000,   1.49200,
,,,0.038640000000,   1.49200,
,,,0.038644000000,   1.49200,
,,,0.038648000000,   1.49200,
,,,0.038652000000,   1.49200,
,,,0.038656000000,   1.49200,
,,,0.038660000000,   1.49200,
,,,0.038664000000,   1.49200,
,,,0.038668000000,   1.49200,
,,,0.038672000000,   1.49200,
,,,0.038676000000,   1.49200,
,,,0.038680000000,   1.49200,
,,,0.038684000000,   1.49200,
,,,0.038688000000,   1.49200,
,,,0.038692000000,   1.49200,
,,,0.038696000000,   1.49200,
,,,0.038700000000,   1.49200,
,,,0.038704000000,   1.49200,
,,,0.038708000000,   1.49200,
,,,0.038712000000,   1.49200,
,,,0.038716000000,   1.49200,
,,,0.038720000000,   1.49200,
,,,0.038724000000,   1.49200,
,,,0.038728000000,   1.49200,
,,,0.038732000000,   1.49200,
,,,0.038736000000,   1.49200,
,,,0.038740000000,   1.49200,
,,,0.038744000000,   1.49200,
,,,0.038748000000,   1.49200,
,,,0.038752000000,   1.49200,
,,,0.038756000000,   1.49200,
,,,0.038760000000,   1.49200,
,,,0.038764000000,   1.49200,
,,,0.038768000000,   1.49200,
,,,0.038772000000,   1.49200,
,,,0.038776000000,   1.49200,
,,,0.038780000000,   1.49200,
,,,0.038784000000,   1.49200,
,,,0.038788000000,   1.49200,
,,,0.038792000000,   1.49200,
,,,0.038796000000,   1.49200,
,,,0.038800000000,   1.49200,
,,,0.038804000000,   1.49200,
,,,0.038808000000,   1.49200,
,,,0.038812000000,   1.49200,
,,,0.038816000000,   1.49200,
,,,0.038820000000,   1.49200,
,,,0.038824000000,   1.49200,
,,,0.038828000000,   1.49200,
,,,0.038832000000,   1.49200,
,,,0.038836000000,   1.49200,
,,,0.038840000000,   1.49200,
,,,0.038844000000,   1.49200,
,,,0.038848000000,   1.49200,
,,,0.038852000000,   1.49200,
,,,0.038856000000,   1.49200,
,,,0.038860000000,   1.49200,
,,,0.038864000000,   1.49200,
,,,0.038868000000,   1.49200,
,,,0.038872000000,   1.49200,
,,,0.038876000000,   1.49200,
,,,0.038880000000,   1.49200,
,,,0.038884000000,   1.49200,
,,,0.038888000000,   1.49200,
,,,0.038892000000,   1.49200,
,,,0.038896000000,   1.49200,
,,,0.038900000000,   1.49200,
,,,0.038904000000,   1.49200,
,,,0.038908000000,   1.49200,
,,,0.038912000000,   1.49200,
,,,0.038916000000,   1.49200,
,,,0.038920000000,   1.49200,
,,,0.038924000000,   1.49200,
,,,0.038928000000,   1.49200,
,,,0.038932000000,   1.49200,
,,,0.038936000000,   1.49200,
,,,0.038940000000,   1.49200,
,,,0.038944000000,   1.49200,
,,,0.038948000000,   1.49200,
,,,0.038952000000,   1.49200,
,,,0.038956000000,   1.49200,
,,,0.038960000000,   1.49200,
,,,0.038964000000,   1.49200,
,,,0.038968000000,   1.49200,
,,,0.038972000000,   1.49200,
,,,0.038976000000,   1.49200,
,,,0.038980000000,   1.49200,
,,,0.038984000000,   1.49200,
,,,0.038988000000,   1.49200,
,,,0.038992000000,   1.49200,
,,,0.038996000000,   1.49200,
,,,0.039000000000,   1.49200,
,,,0.039004000000,   1.49200,
,,,0.039008000000,   1.49200,
,,,0.039012000000,   1.49200,
,,,0.039016000000,   1.49200,
,,,0.039020000000,   1.49200,
,,,0.039024000000,   1.49200,
,,,0.039028000000,   1.49200,
,,,0.039032000000,   1.49200,
,,,0.039036000000,   1.49200,
,,,0.039040000000,   1.49200,
,,,0.039044000000,   1.49200,
,,,0.039048000000,   1.49200,
,,,0.039052000000,   1.49200,
,,,0.039056000000,   1.49200,
,,,0.039060000000,   1.49200,
,,,0.039064000000,   1.49200,
,,,0.039068000000,   1.49200,
,,,0.039072000000,   1.49200,
,,,0.039076000000,   1.49200,
,,,0.039080000000,   1.49200,
,,,0.039084000000,   1.49200,
,,,0.039088000000,   1.49200,
,,,0.039092000000,   1.49200,
,,,0.039096000000,   1.49200,
,,,0.039100000000,   1.49200,
,,,0.039104000000,   1.49200,
,,,0.039108000000,   1.49200,
,,,0.039112000000,   1.49200,
,,,0.039116000000,   1.49200,
,,,0.039120000000,   1.49200,
,,,0.039124000000,   1.49200,
,,,0.039128000000,   1.49200,
,,,0.039132000000,   1.49200,
,,,0.039136000000,   1.49200,
,,,0.039140000000,   1.49200,
,,,0.039144000000,   1.49200,
,,,0.039148000000,   1.49200,
,,,0.039152000000,   1.49200,
,,,0.039156000000,   1.49200,
,,,0.039160000000,   1.49200,
,,,0.039164000000,   1.49200,
,,,0.039168000000,   1.49200,
,,,0.039172000000,   1.49200,
,,,0.039176000000,   1.49200,
,,,0.039180000000,   1.49200,
,,,0.039184000000,   1.49200,
,,,0.039188000000,   1.49200,
,,,0.039192000000,   1.49200,
,,,0.039196000000,   1.49200,
,,,0.039200000000,   1.49200,
,,,0.039204000000,   1.49200,
,,,0.039208000000,   1.49200,
,,,0.039212000000,   1.49200,
,,,0.039216000000,   1.49200,
,,,0.039220000000,   1.49200,
,,,0.039224000000,   1.49200,
,,,0.039228000000,   1.49200,
,,,0.039232000000,   1.49200,
,,,0.039236000000,   1.49200,
,,,0.039240000000,   1.49200,
,,,0.039244000000,   1.49200,
,,,0.039248000000,   1.49200,
,,,0.039252000000,   1.49200,
,,,0.039256000000,   1.49200,
,,,0.039260000000,   1.49200,
,,,0.039264000000,   1.49200,
,,,0.039268000000,   1.49200,
,,,0.039272000000,   1.49200,
,,,0.039276000000,   1.49200,
,,,0.039280000000,   1.49200,
,,,0.039284000000,   1.49200,
,,,0.039288000000,   1.49200,
,,,0.039292000000,   1.49200,
,,,0.039296000000,   1.49200,
,,,0.039300000000,   1.49200,
,,,0.039304000000,   1.49200,
,,,0.039308000000,   1.49200,
,,,0.039312000000,   1.49200,
,,,0.039316000000,   1.49200,
,,,0.039320000000,   1.49200,
,,,0.039324000000,   1.49200,
,,,0.039328000000,   1.49200,
,,,0.039332000000,   1.49200,
,,,0.039336000000,   1.49200,
,,,0.039340000000,   1.49200,
,,,0.039344000000,   1.49200,
,,,0.039348000000,   1.49200,
,,,0.039352000000,   1.49200,
,,,0.039356000000,   1.49200,
,,,0.039360000000,   1.49200,
,,,0.039364000000,   1.49200,
,,,0.039368000000,   1.49200,
,,,0.039372000000,   1.49200,
,,,0.039376000000,   1.49200,
,,,0.039380000000,   1.49200,
,,,0.039384000000,   1.49200,
,,,0.039388000000,   1.49200,
,,,0.039392000000,   1.49200,
,,,0.039396000000,   1.49200,
,,,0.039400000000,   1.49200,
,,,0.039404000000,   1.49200,
,,,0.039408000000,   1.49200,
,,,0.039412000000,   1.49200,
,,,0.039416000000,   1.49200,
,,,0.039420000000,   1.49200,
,,,0.039424000000,   1.49200,
,,,0.039428000000,   1.49200,
,,,0.039432000000,   1.49200,
,,,0.039436000000,   1.49200,
,,,0.039440000000,   1.49200,
,,,0.039444000000,   1.49200,
,,,0.039448000000,   1.49200,
,,,0.039452000000,   1.49200,
,,,0.039456000000,   1.49200,
,,,0.039460000000,   1.49200,
,,,0.039464000000,   1.49200,
,,,0.039468000000,   1.49200,
,,,0.039472000000,   1.49200,
,,,0.039476000000,   1.49200,
,,,0.039480000000,   1.49200,
,,,0.039484000000,   1.49200,
,,,0.039488000000,   1.49200,
,,,0.039492000000,   1.49200,
,,,0.039496000000,   1.49200,
,,,0.039500000000,   1.49200,
,,,0.039504000000,   1.49200,
,,,0.039508000000,   1.49200,
,,,0.039512000000,   1.49200,
,,,0.039516000000,   1.49200,
,,,0.039520000000,   1.49200,
,,,0.039524000000,   1.49200,
,,,0.039528000000,   1.49200,
,,,0.039532000000,   1.49200,
,,,0.039536000000,   1.49200,
,,,0.039540000000,   1.49200,
,,,0.039544000000,   1.49200,
,,,0.039548000000,   1.49200,
,,,0.039552000000,   1.49200,
,,,0.039556000000,   1.49200,
,,,0.039560000000,   1.49200,
,,,0.039564000000,   1.49200,
,,,0.039568000000,   1.49200,
,,,0.039572000000,   1.49200,
,,,0.039576000000,   1.49200,
,,,0.039580000000,   1.49200,
,,,0.039584000000,   1.49200,
,,,0.039588000000,   1.49200,
,,,0.039592000000,   1.49200,
,,,0.039596000000,   1.49200,
,,,0.039600000000,   1.49200,
,,,0.039604000000,   1.49200,
,,,0.039608000000,   1.49200,
,,,0.039612000000,   1.49200,
,,,0.039616000000,   1.49200,
,,,0.039620000000,   1.49200,
,,,0.039624000000,   1.49200,
,,,0.039628000000,   1.49200,
,,,0.039632000000,   1.49200,
,,,0.039636000000,   1.49200,
,,,0.039640000000,   1.49200,
,,,0.039644000000,   1.49200,
,,,0.039648000000,   1.49200,
,,,0.039652000000,   1.49200,
,,,0.039656000000,   1.49200,
,,,0.039660000000,   1.49200,
,,,0.039664000000,   1.49200,
,,,0.039668000000,   1.49200,
,,,0.039672000000,   1.49200,
,,,0.039676000000,   1.49200,
,,,0.039680000000,   1.49200,
,,,0.039684000000,   1.49200,
,,,0.039688000000,   1.49200,
,,,0.039692000000,   1.49200,
,,,0.039696000000,   1.49200,
,,,0.039700000000,   1.49200,
,,,0.039704000000,   1.49200,
,,,0.039708000000,   1.49200,
,,,0.039712000000,   1.49200,
,,,0.039716000000,   1.49200,
,,,0.039720000000,   1.49200,
,,,0.039724000000,   1.49200,
,,,0.039728000000,   1.49200,
,,,0.039732000000,   1.49200,
,,,0.039736000000,   1.49200,
,,,0.039740000000,   1.49200,
,,,0.039744000000,   1.49200,
,,,0.039748000000,   1.49200,
,,,0.039752000000,   1.49200,
,,,0.039756000000,   1.49200,
,,,0.039760000000,   1.49200,
,,,0.039764000000,   1.49200,
,,,0.039768000000,   1.49200,
,,,0.039772000000,   1.49200,
,,,0.039776000000,   1.49200,
,,,0.039780000000,   1.49200,
,,,0.039784000000,   1.49200,
,,,0.039788000000,   1.49200,
,,,0.039792000000,   1.49200,
,,,0.039796000000,   1.49200,
,,,0.039800000000,   1.49200,
,,,0.039804000000,   1.49200,
,,,0.039808000000,   1.49200,
,,,0.039812000000,   1.49200,
,,,0.039816000000,   1.49200,
,,,0.039820000000,   1.49200,
,,,0.039824000000,   1.49200,
,,,0.039828000000,   1.49200,
,,,0.039832000000,   1.49200,
,,,0.039836000000,   1.49200,
,,,0.039840000000,   1.49200,
,,,0.039844000000,   1.49200,
,,,0.039848000000,   1.49200,
,,,0.039852000000,   1.49200,
,,,0.039856000000,   1.49200,
,,,0.039860000000,   1.49200,
,,,0.039864000000,   1.49200,
,,,0.039868000000,   1.49200,
,,,0.039872000000,   1.49200,
,,,0.039876000000,   1.49200,
,,,0.039880000000,   1.49200,
,,,0.039884000000,   1.49200,
,,,0.039888000000,   1.49200,
,,,0.039892000000,   1.49200,
,,,0.039896000000,   1.49200,
,,,0.039900000000,   1.49200,
,,,0.039904000000,   1.49200,
,,,0.039908000000,   1.49200,
,,,0.039912000000,   1.49200,
,,,0.039916000000,   1.49200,
,,,0.039920000000,   1.49200,
,,,0.039924000000,   1.49200,
,,,0.039928000000,   1.49200,
,,,0.039932000000,   1.49200,
,,,0.039936000000,   1.49200,
,,,0.039940000000,   1.49200,
,,,0.039944000000,   1.49200,
,,,0.039948000000,   1.49200,
,,,0.039952000000,   1.49200,
,,,0.039956000000,   1.49200,
,,,0.039960000000,   1.49200,
,,,0.039964000000,   1.49200,
,,,0.039968000000,   1.49200,
,,,0.039972000000,   1.49200,
,,,0.039976000000,   1.49200,
,,,0.039980000000,   1.49200,
,,,0.039984000000,   1.49200,
,,,0.039988000000,   1.49200,
,,,0.039992000000,   1.49200,
,,,0.039996000000,   1.49200,
,,,0.040000000000,   1.49200,
,,,0.040004000000,   1.49200,
,,,0.040008000000,   1.49200,
,,,0.040012000000,   1.49200,
,,,0.040016000000,   1.49200,
,,,0.040020000000,   1.49200,
,,,0.040024000000,   1.49200,
,,,0.040028000000,   1.49200,
,,,0.040032000000,   1.49200,
,,,0.040036000000,   1.49200,
,,,0.040040000000,   1.49200,
,,,0.040044000000,   1.49200,
,,,0.040048000000,   1.49200,
,,,0.040052000000,   1.49200,
,,,0.040056000000,   1.49200,
,,,0.040060000000,   1.49200,
,,,0.040064000000,   1.49200,
,,,0.040068000000,   1.49200,
,,,0.040072000000,   1.49200,
,,,0.040076000000,   1.49200,
,,,0.040080000000,   1.49200,
,,,0.040084000000,   1.49200,
,,,0.040088000000,   1.49200,
,,,0.040092000000,   1.49200,
,,,0.040096000000,   1.49200,
,,,0.040100000000,   1.49200,
,,,0.040104000000,   1.49200,
,,,0.040108000000,   1.49200,
,,,0.040112000000,   1.49200,
,,,0.040116000000,   1.49200,
,,,0.040120000000,   1.49200,
,,,0.040124000000,   1.49200,
,,,0.040128000000,   1.49200,
,,,0.040132000000,   1.49200,
,,,0.040136000000,   1.49200,
,,,0.040140000000,   1.49200,
,,,0.040144000000,   1.49200,
,,,0.040148000000,   1.49200,
,,,0.040152000000,   1.49200,
,,,0.040156000000,   1.49200,
,,,0.040160000000,   1.49200,
,,,0.040164000000,   1.49200,
,,,0.040168000000,   1.49200,
,,,0.040172000000,   1.49200,
,,,0.040176000000,   1.49200,
,,,0.040180000000,   1.49200,
,,,0.040184000000,   1.49200,
,,,0.040188000000,   1.49200,
,,,0.040192000000,   1.49200,
,,,0.040196000000,   1.49200,
,,,0.040200000000,   1.49200,
,,,0.040204000000,   1.49200,
,,,0.040208000000,   1.49200,
,,,0.040212000000,   1.49200,
,,,0.040216000000,   1.49200,
,,,0.040220000000,   1.49200,
,,,0.040224000000,   1.49200,
,,,0.040228000000,   1.49200,
,,,0.040232000000,   1.49200,
,,,0.040236000000,   1.49200,
,,,0.040240000000,   1.49200,
,,,0.040244000000,   1.49200,
,,,0.040248000000,   1.49200,
,,,0.040252000000,   1.49200,
,,,0.040256000000,   1.49200,
,,,0.040260000000,   1.49200,
,,,0.040264000000,   1.49200,
,,,0.040268000000,   1.49200,
,,,0.040272000000,   1.49200,
,,,0.040276000000,   1.49200,
,,,0.040280000000,   1.49200,
,,,0.040284000000,   1.49200,
,,,0.040288000000,   1.49200,
,,,0.040292000000,   1.49200,
,,,0.040296000000,   1.49200,
,,,0.040300000000,   1.49200,
,,,0.040304000000,   1.49200,
,,,0.040308000000,   1.49200,
,,,0.040312000000,   1.49200,
,,,0.040316000000,   1.49200,
,,,0.040320000000,   1.49200,
,,,0.040324000000,   1.49200,
,,,0.040328000000,   1.49200,
,,,0.040332000000,   1.49200,
,,,0.040336000000,   1.49200,
,,,0.040340000000,   1.49200,
,,,0.040344000000,   1.49200,
,,,0.040348000000,   1.49200,
,,,0.040352000000,   1.49200,
,,,0.040356000000,   1.49200,
,,,0.040360000000,   1.49200,
,,,0.040364000000,   1.49200,
,,,0.040368000000,   1.49200,
,,,0.040372000000,   1.49200,
,,,0.040376000000,   1.49200,
,,,0.040380000000,   1.49200,
,,,0.040384000000,   1.49200,
,,,0.040388000000,   1.49200,
,,,0.040392000000,   1.49200,
,,,0.040396000000,   1.49200,
,,,0.040400000000,   1.49200,
,,,0.040404000000,   1.49200,
,,,0.040408000000,   1.49200,
,,,0.040412000000,   1.49200,
,,,0.040416000000,   1.49200,
,,,0.040420000000,   1.49200,
,,,0.040424000000,   1.49200,
,,,0.040428000000,   1.49200,
,,,0.040432000000,   1.49200,
,,,0.040436000000,   1.49200,
,,,0.040440000000,   1.49200,
,,,0.040444000000,   1.49200,
,,,0.040448000000,   1.49200,
,,,0.040452000000,   1.49200,
,,,0.040456000000,   1.49200,
,,,0.040460000000,   1.49200,
,,,0.040464000000,   1.49200,
,,,0.040468000000,   1.49200,
,,,0.040472000000,   1.49200,
,,,0.040476000000,   1.49200,
,,,0.040480000000,   1.49200,
,,,0.040484000000,   1.49200,
,,,0.040488000000,   1.49200,
,,,0.040492000000,   1.49200,
,,,0.040496000000,   1.49200,
,,,0.040500000000,   1.49200,
,,,0.040504000000,   1.49200,
,,,0.040508000000,   1.49200,
,,,0.040512000000,   1.49200,
,,,0.040516000000,   1.49200,
,,,0.040520000000,   1.49200,
,,,0.040524000000,   1.49200,
,,,0.040528000000,   1.49200,
,,,0.040532000000,   1.49200,
,,,0.040536000000,   1.49200,
,,,0.040540000000,   1.49200,
,,,0.040544000000,   1.49200,
,,,0.040548000000,   1.49200,
,,,0.040552000000,   1.49200,
,,,0.040556000000,   1.49200,
,,,0.040560000000,   1.49200,
,,,0.040564000000,   1.49200,
,,,0.040568000000,   1.49200,
,,,0.040572000000,   1.49200,
,,,0.040576000000,   1.49200,
,,,0.040580000000,   1.49200,
,,,0.040584000000,   1.49200,
,,,0.040588000000,   1.49200,
,,,0.040592000000,   1.49200,
,,,0.040596000000,   1.49200,
,,,0.040600000000,   1.49200,
,,,0.040604000000,   1.49200,
,,,0.040608000000,   1.49200,
,,,0.040612000000,   1.49200,
,,,0.040616000000,   1.49200,
,,,0.040620000000,   1.49200,
,,,0.040624000000,   1.49200,
,,,0.040628000000,   1.49200,
,,,0.040632000000,   1.49200,
,,,0.040636000000,   1.49200,
,,,0.040640000000,   1.49200,
,,,0.040644000000,   1.49200,
,,,0.040648000000,   1.49200,
,,,0.040652000000,   1.49200,
,,,0.040656000000,   1.49200,
,,,0.040660000000,   1.49200,
,,,0.040664000000,   1.49200,
,,,0.040668000000,   1.49200,
,,,0.040672000000,   1.49200,
,,,0.040676000000,   1.49200,
,,,0.040680000000,   1.49200,
,,,0.040684000000,   1.49200,
,,,0.040688000000,   1.49200,
,,,0.040692000000,   1.49200,
,,,0.040696000000,   1.49200,
,,,0.040700000000,   1.49200,
,,,0.040704000000,   1.49200,
,,,0.040708000000,   1.49200,
,,,0.040712000000,   1.49200,
,,,0.040716000000,   1.49200,
,,,0.040720000000,   1.49200,
,,,0.040724000000,   1.49200,
,,,0.040728000000,   1.49200,
,,,0.040732000000,   1.49200,
,,,0.040736000000,   1.49200,
,,,0.040740000000,   1.49200,
,,,0.040744000000,   1.49200,
,,,0.040748000000,   1.49200,
,,,0.040752000000,   1.49200,
,,,0.040756000000,   1.49200,
,,,0.040760000000,   1.49200,
,,,0.040764000000,   1.49200,
,,,0.040768000000,   1.49200,
,,,0.040772000000,   1.49200,
,,,0.040776000000,   1.49200,
,,,0.040780000000,   1.49200,
,,,0.040784000000,   1.49200,
,,,0.040788000000,   1.49200,
,,,0.040792000000,   1.49200,
,,,0.040796000000,   1.49200,
,,,0.040800000000,   1.49200,
,,,0.040804000000,   1.49200,
,,,0.040808000000,   1.49200,
,,,0.040812000000,   1.49200,
,,,0.040816000000,   1.49200,
,,,0.040820000000,   1.49200,
,,,0.040824000000,   1.49200,
,,,0.040828000000,   1.49200,
,,,0.040832000000,   1.49200,
,,,0.040836000000,   1.49200,
,,,0.040840000000,   1.49200,
,,,0.040844000000,   1.49200,
,,,0.040848000000,   1.49200,
,,,0.040852000000,   1.49200,
,,,0.040856000000,   1.49200,
,,,0.040860000000,   1.49200,
,,,0.040864000000,   1.49200,
,,,0.040868000000,   1.49200,
,,,0.040872000000,   1.49200,
,,,0.040876000000,   1.49200,
,,,0.040880000000,   1.49200,
,,,0.040884000000,   1.49200,
,,,0.040888000000,   1.49200,
,,,0.040892000000,   1.49200,
,,,0.040896000000,   1.49200,
,,,0.040900000000,   1.49200,
,,,0.040904000000,   1.49200,
,,,0.040908000000,   1.49200,
,,,0.040912000000,   1.49200,
,,,0.040916000000,   1.49200,
,,,0.040920000000,   1.49200,
,,,0.040924000000,   1.49200,
,,,0.040928000000,   1.49200,
,,,0.040932000000,   1.49200,
,,,0.040936000000,   1.49200,
,,,0.040940000000,   1.49200,
,,,0.040944000000,   1.49200,
,,,0.040948000000,   1.49200,
,,,0.040952000000,   1.49200,
,,,0.040956000000,   1.49200,
,,,0.040960000000,   1.49200,
,,,0.040964000000,   1.49200,
,,,0.040968000000,   1.49200,
,,,0.040972000000,   1.49200,
,,,0.040976000000,   1.49200,
,,,0.040980000000,   1.49200,
,,,0.040984000000,   1.49200,
,,,0.040988000000,   1.49200,
,,,0.040992000000,   1.49200,
,,,0.040996000000,   1.49200,
,,,0.041000000000,   1.49200,
,,,0.041004000000,   1.49200,
,,,0.041008000000,   1.49200,
,,,0.041012000000,   1.49200,
,,,0.041016000000,   1.49200,
,,,0.041020000000,   1.49200,
,,,0.041024000000,   1.49200,
,,,0.041028000000,   1.49200,
,,,0.041032000000,   1.49200,
,,,0.041036000000,   1.49200,
,,,0.041040000000,   1.49200,
,,,0.041044000000,   1.49200,
,,,0.041048000000,   1.49200,
,,,0.041052000000,   1.49200,
,,,0.041056000000,   1.49200,
,,,0.041060000000,   1.49200,
,,,0.041064000000,   1.49200,
,,,0.041068000000,   1.49200,
,,,0.041072000000,   1.49200,
,,,0.041076000000,   1.49200,
,,,0.041080000000,   1.49200,
,,,0.041084000000,   1.49200,
,,,0.041088000000,   1.49200,
,,,0.041092000000,   1.49200,
,,,0.041096000000,   1.49200,
,,,0.041100000000,   1.49200,
,,,0.041104000000,   1.49200,
,,,0.041108000000,   1.49200,
,,,0.041112000000,   1.49200,
,,,0.041116000000,   1.49200,
,,,0.041120000000,   1.49200,
,,,0.041124000000,   1.49200,
,,,0.041128000000,   1.49200,
,,,0.041132000000,   1.49200,
,,,0.041136000000,   1.49200,
,,,0.041140000000,   1.49200,
,,,0.041144000000,   1.49200,
,,,0.041148000000,   1.49200,
,,,0.041152000000,   1.49200,
,,,0.041156000000,   1.49200,
,,,0.041160000000,   1.49200,
,,,0.041164000000,   1.49200,
,,,0.041168000000,   1.49200,
,,,0.041172000000,   1.49200,
,,,0.041176000000,   1.49200,
,,,0.041180000000,   1.49200,
,,,0.041184000000,   1.49200,
,,,0.041188000000,   1.49200,
,,,0.041192000000,   1.49200,
,,,0.041196000000,   1.49200,
,,,0.041200000000,   1.49200,
,,,0.041204000000,   1.49200,
,,,0.041208000000,   1.49200,
,,,0.041212000000,   1.49200,
,,,0.041216000000,   1.49200,
,,,0.041220000000,   1.49200,
,,,0.041224000000,   1.49200,
,,,0.041228000000,   1.49200,
,,,0.041232000000,   1.49200,
,,,0.041236000000,   1.49200,
,,,0.041240000000,   1.49200,
,,,0.041244000000,   1.49200,
,,,0.041248000000,   1.49200,
,,,0.041252000000,   1.49200,
,,,0.041256000000,   1.49200,
,,,0.041260000000,   1.49200,
,,,0.041264000000,   1.49200,
,,,0.041268000000,   1.49200,
,,,0.041272000000,   1.49200,
,,,0.041276000000,   1.49200,
,,,0.041280000000,   1.49200,
,,,0.041284000000,   1.49200,
,,,0.041288000000,   1.49200,
,,,0.041292000000,   1.49200,
,,,0.041296000000,   1.49200,
,,,0.041300000000,   1.49200,
,,,0.041304000000,   1.49200,
,,,0.041308000000,   1.49200,
,,,0.041312000000,   1.49200,
,,,0.041316000000,   1.49200,
,,,0.041320000000,   1.49200,
,,,0.041324000000,   1.49200,
,,,0.041328000000,   1.49200,
,,,0.041332000000,   1.49200,
,,,0.041336000000,   1.49200,
,,,0.041340000000,   1.49200,
,,,0.041344000000,   1.49200,
,,,0.041348000000,   1.49200,
,,,0.041352000000,   1.49200,
,,,0.041356000000,   1.49200,
,,,0.041360000000,   1.49200,
,,,0.041364000000,   1.49200,
,,,0.041368000000,   1.49200,
,,,0.041372000000,   1.49200,
,,,0.041376000000,   1.49200,
,,,0.041380000000,   1.49200,
,,,0.041384000000,   1.49200,
,,,0.041388000000,   1.49200,
,,,0.041392000000,   1.49200,
,,,0.041396000000,   1.49200,
,,,0.041400000000,   1.49200,
,,,0.041404000000,   1.49200,
,,,0.041408000000,   1.49200,
,,,0.041412000000,   1.49200,
,,,0.041416000000,   1.49200,
,,,0.041420000000,   1.49200,
,,,0.041424000000,   1.49200,
,,,0.041428000000,   1.49200,
,,,0.041432000000,   1.49200,
,,,0.041436000000,   1.49200,
,,,0.041440000000,   1.49200,
,,,0.041444000000,   1.49200,
,,,0.041448000000,   1.49200,
,,,0.041452000000,   1.49200,
,,,0.041456000000,   1.49200,
,,,0.041460000000,   1.49200,
,,,0.041464000000,   1.49200,
,,,0.041468000000,   1.49200,
,,,0.041472000000,   1.49200,
,,,0.041476000000,   1.49200,
,,,0.041480000000,   1.49200,
,,,0.041484000000,   1.49200,
,,,0.041488000000,   1.49200,
,,,0.041492000000,   1.49200,
,,,0.041496000000,   1.49200,
,,,0.041500000000,   1.49200,
,,,0.041504000000,   1.49200,
,,,0.041508000000,   1.49200,
,,,0.041512000000,   1.49200,
,,,0.041516000000,   1.49200,
,,,0.041520000000,   1.49200,
,,,0.041524000000,   1.49200,
,,,0.041528000000,   1.49200,
,,,0.041532000000,   1.49200,
,,,0.041536000000,   1.49200,
,,,0.041540000000,   1.49200,
,,,0.041544000000,   1.49200,
,,,0.041548000000,   1.49200,
,,,0.041552000000,   1.49200,
,,,0.041556000000,   1.49200,
,,,0.041560000000,   1.49200,
,,,0.041564000000,   1.49200,
,,,0.041568000000,   1.49200,
,,,0.041572000000,   1.49200,
,,,0.041576000000,   1.49200,
,,,0.041580000000,   1.49200,
,,,0.041584000000,   1.49200,
,,,0.041588000000,   1.49200,
,,,0.041592000000,   1.49200,
,,,0.041596000000,   1.49200,
,,,0.041600000000,   1.49200,
,,,0.041604000000,   1.49200,
,,,0.041608000000,   1.49200,
,,,0.041612000000,   1.49200,
,,,0.041616000000,   1.49200,
,,,0.041620000000,   1.49200,
,,,0.041624000000,   1.49200,
,,,0.041628000000,   1.49200,
,,,0.041632000000,   1.49200,
,,,0.041636000000,   1.49200,
,,,0.041640000000,   1.49200,
,,,0.041644000000,   1.49200,
,,,0.041648000000,   1.49200,
,,,0.041652000000,   1.49200,
,,,0.041656000000,   1.49200,
,,,0.041660000000,   1.49200,
,,,0.041664000000,   1.49200,
,,,0.041668000000,   1.49200,
,,,0.041672000000,   1.49200,
,,,0.041676000000,   1.49200,
,,,0.041680000000,   1.49200,
,,,0.041684000000,   1.49200,
,,,0.041688000000,   1.49200,
,,,0.041692000000,   1.49200,
,,,0.041696000000,   1.49200,
,,,0.041700000000,   1.49200,
,,,0.041704000000,   1.49200,
,,,0.041708000000,   1.49200,
,,,0.041712000000,   1.49200,
,,,0.041716000000,   1.49200,
,,,0.041720000000,   1.49200,
,,,0.041724000000,   1.49200,
,,,0.041728000000,   1.49200,
,,,0.041732000000,   1.49200,
,,,0.041736000000,   1.49200,
,,,0.041740000000,   1.49200,
,,,0.041744000000,   1.49200,
,,,0.041748000000,   1.49200,
,,,0.041752000000,   1.49200,
,,,0.041756000000,   1.49200,
,,,0.041760000000,   1.49200,
,,,0.041764000000,   1.49200,
,,,0.041768000000,   1.49200,
,,,0.041772000000,   1.49200,
,,,0.041776000000,   1.49200,
,,,0.041780000000,   1.49200,
,,,0.041784000000,   1.49200,
,,,0.041788000000,   1.49200,
,,,0.041792000000,   1.49200,
,,,0.041796000000,   1.49200,
,,,0.041800000000,   1.49200,
,,,0.041804000000,   1.49200,
,,,0.041808000000,   1.49200,
,,,0.041812000000,   1.49200,
,,,0.041816000000,   1.49200,
,,,0.041820000000,   1.49200,
,,,0.041824000000,   1.49200,
,,,0.041828000000,   1.49200,
,,,0.041832000000,   1.49200,
,,,0.041836000000,   1.49200,
,,,0.041840000000,   1.49200,
,,,0.041844000000,   1.49200,
,,,0.041848000000,   1.49200,
,,,0.041852000000,   1.49200,
,,,0.041856000000,   1.49200,
,,,0.041860000000,   1.49200,
,,,0.041864000000,   1.49200,
,,,0.041868000000,   1.49200,
,,,0.041872000000,   1.49200,
,,,0.041876000000,   1.49200,
,,,0.041880000000,   1.49200,
,,,0.041884000000,   1.49200,
,,,0.041888000000,   1.49200,
,,,0.041892000000,   1.49200,
,,,0.041896000000,   1.49200,
,,,0.041900000000,   1.49200,
,,,0.041904000000,   1.49200,
,,,0.041908000000,   1.49200,
,,,0.041912000000,   1.49200,
,,,0.041916000000,   1.49200,
,,,0.041920000000,   1.49200,
,,,0.041924000000,   1.49200,
,,,0.041928000000,   1.49200,
,,,0.041932000000,   1.49200,
,,,0.041936000000,   1.49200,
,,,0.041940000000,   1.49200,
,,,0.041944000000,   1.49200,
,,,0.041948000000,   1.49200,
,,,0.041952000000,   1.49200,
,,,0.041956000000,   1.49200,
,,,0.041960000000,   1.49200,
,,,0.041964000000,   1.49200,
,,,0.041968000000,   1.49200,
,,,0.041972000000,   1.49200,
,,,0.041976000000,   1.49200,
,,,0.041980000000,   1.49200,
,,,0.041984000000,   1.49200,
,,,0.041988000000,   1.49200,
,,,0.041992000000,   1.49200,
,,,0.041996000000,   1.49200,
,,,0.042000000000,   1.49200,
,,,0.042004000000,   1.49200,
,,,0.042008000000,   1.49200,
,,,0.042012000000,   1.49200,
,,,0.042016000000,   1.49200,
,,,0.042020000000,   1.49200,
,,,0.042024000000,   1.49200,
,,,0.042028000000,   1.49200,
,,,0.042032000000,   1.49200,
,,,0.042036000000,   1.49200,
,,,0.042040000000,   1.49200,
,,,0.042044000000,   1.49200,
,,,0.042048000000,   1.49200,
,,,0.042052000000,   1.49200,
,,,0.042056000000,   1.49200,
,,,0.042060000000,   1.49200,
,,,0.042064000000,   1.49200,
,,,0.042068000000,   1.49200,
,,,0.042072000000,   1.49200,
,,,0.042076000000,   1.49200,
,,,0.042080000000,   1.49200,
,,,0.042084000000,   1.49200,
,,,0.042088000000,   1.49200,
,,,0.042092000000,   1.49200,
,,,0.042096000000,   1.49200,
,,,0.042100000000,   1.49200,
,,,0.042104000000,   1.49200,
,,,0.042108000000,   1.49200,
,,,0.042112000000,   1.49200,
,,,0.042116000000,   1.49200,
,,,0.042120000000,   1.49200,
,,,0.042124000000,   1.49200,
,,,0.042128000000,   1.49200,
,,,0.042132000000,   1.49200,
,,,0.042136000000,   1.49200,
,,,0.042140000000,   1.49200,
,,,0.042144000000,   1.49200,
,,,0.042148000000,   1.49200,
,,,0.042152000000,   1.49200,
,,,0.042156000000,   1.49200,
,,,0.042160000000,   1.49200,
,,,0.042164000000,   1.49200,
,,,0.042168000000,   1.49200,
,,,0.042172000000,   1.49200,
,,,0.042176000000,   1.49200,
,,,0.042180000000,   1.49200,
,,,0.042184000000,   1.49200,
,,,0.042188000000,   1.49200,
,,,0.042192000000,   1.49200,
,,,0.042196000000,   1.49200,
,,,0.042200000000,   1.49200,
,,,0.042204000000,   1.49200,
,,,0.042208000000,   1.49200,
,,,0.042212000000,   1.49200,
,,,0.042216000000,   1.49200,
,,,0.042220000000,   1.49200,
,,,0.042224000000,   1.49200,
,,,0.042228000000,   1.49200,
,,,0.042232000000,   1.49200,
,,,0.042236000000,   1.49200,
,,,0.042240000000,   1.49200,
,,,0.042244000000,   1.49200,
,,,0.042248000000,   1.49200,
,,,0.042252000000,   1.49200,
,,,0.042256000000,   1.49200,
,,,0.042260000000,   1.49200,
,,,0.042264000000,   1.49200,
,,,0.042268000000,   1.49200,
,,,0.042272000000,   1.49200,
,,,0.042276000000,   1.49200,
,,,0.042280000000,   1.49200,
,,,0.042284000000,   1.49200,
,,,0.042288000000,   1.49200,
,,,0.042292000000,   1.49200,
,,,0.042296000000,   1.49200,
,,,0.042300000000,   1.49200,
,,,0.042304000000,   1.49200,
,,,0.042308000000,   1.49200,
,,,0.042312000000,   1.49200,
,,,0.042316000000,   1.49200,
,,,0.042320000000,   1.49200,
,,,0.042324000000,   1.49200,
,,,0.042328000000,   1.49200,
,,,0.042332000000,   1.49200,
,,,0.042336000000,   1.49200,
,,,0.042340000000,   1.49200,
,,,0.042344000000,   1.49200,
,,,0.042348000000,   1.49200,
,,,0.042352000000,   1.49200,
,,,0.042356000000,   1.49200,
,,,0.042360000000,   1.49200,
,,,0.042364000000,   1.49200,
,,,0.042368000000,   1.49200,
,,,0.042372000000,   1.49200,
,,,0.042376000000,   1.49200,
,,,0.042380000000,   1.49200,
,,,0.042384000000,   1.49200,
,,,0.042388000000,   1.49200,
,,,0.042392000000,   1.49200,
,,,0.042396000000,   1.49200,
,,,0.042400000000,   1.49200,
,,,0.042404000000,   1.49200,
,,,0.042408000000,   1.49200,
,,,0.042412000000,   1.49200,
,,,0.042416000000,   1.49200,
,,,0.042420000000,   1.49200,
,,,0.042424000000,   1.49200,
,,,0.042428000000,   1.49200,
,,,0.042432000000,   1.49200,
,,,0.042436000000,   1.49200,
,,,0.042440000000,   1.49200,
,,,0.042444000000,   1.49200,
,,,0.042448000000,   1.49200,
,,,0.042452000000,   1.49200,
,,,0.042456000000,   1.49200,
,,,0.042460000000,   1.49200,
,,,0.042464000000,   1.49200,
,,,0.042468000000,   1.49200,
,,,0.042472000000,   1.49200,
,,,0.042476000000,   1.49200,
,,,0.042480000000,   1.49200,
,,,0.042484000000,   1.49200,
,,,0.042488000000,   1.49200,
,,,0.042492000000,   1.49200,
,,,0.042496000000,   1.49200,
,,,0.042500000000,   1.49200,
,,,0.042504000000,   1.49200,
,,,0.042508000000,   1.49200,
,,,0.042512000000,   1.49200,
,,,0.042516000000,   1.49200,
,,,0.042520000000,   1.49200,
,,,0.042524000000,   1.49200,
,,,0.042528000000,   1.49200,
,,,0.042532000000,   1.49200,
,,,0.042536000000,   1.49200,
,,,0.042540000000,   1.49200,
,,,0.042544000000,   1.49200,
,,,0.042548000000,   1.49200,
,,,0.042552000000,   1.49200,
,,,0.042556000000,   1.49200,
,,,0.042560000000,   1.49200,
,,,0.042564000000,   1.49200,
,,,0.042568000000,   1.49200,
,,,0.042572000000,   1.49200,
,,,0.042576000000,   1.49200,
,,,0.042580000000,   1.49200,
,,,0.042584000000,   1.49200,
,,,0.042588000000,   1.49200,
,,,0.042592000000,   1.49200,
,,,0.042596000000,   1.49200,
,,,0.042600000000,   1.49200,
,,,0.042604000000,   1.49200,
,,,0.042608000000,   1.49200,
,,,0.042612000000,   1.49200,
,,,0.042616000000,   1.49200,
,,,0.042620000000,   1.49200,
,,,0.042624000000,   1.49200,
,,,0.042628000000,   1.49200,
,,,0.042632000000,   1.49200,
,,,0.042636000000,   1.49200,
,,,0.042640000000,   1.49200,
,,,0.042644000000,   1.49200,
,,,0.042648000000,   1.49200,
,,,0.042652000000,   1.49200,
,,,0.042656000000,   1.49200,
,,,0.042660000000,   1.49200,
,,,0.042664000000,   1.49200,
,,,0.042668000000,   1.49200,
,,,0.042672000000,   1.49200,
,,,0.042676000000,   1.49200,
,,,0.042680000000,   1.49200,
,,,0.042684000000,   1.49200,
,,,0.042688000000,   1.49200,
,,,0.042692000000,   1.49200,
,,,0.042696000000,   1.49200,
,,,0.042700000000,   1.49200,
,,,0.042704000000,   1.49200,
,,,0.042708000000,   1.49200,
,,,0.042712000000,   1.49200,
,,,0.042716000000,   1.49200,
,,,0.042720000000,   1.49200,
,,,0.042724000000,   1.49200,
,,,0.042728000000,   1.49200,
,,,0.042732000000,   1.49200,
,,,0.042736000000,   1.49200,
,,,0.042740000000,   1.49200,
,,,0.042744000000,   1.49200,
,,,0.042748000000,   1.49200,
,,,0.042752000000,   1.49200,
,,,0.042756000000,   1.49200,
,,,0.042760000000,   1.49200,
,,,0.042764000000,   1.49200,
,,,0.042768000000,   1.49200,
,,,0.042772000000,   1.49200,
,,,0.042776000000,   1.49200,
,,,0.042780000000,   1.49200,
,,,0.042784000000,   1.49200,
,,,0.042788000000,   1.49200,
,,,0.042792000000,   1.49200,
,,,0.042796000000,   1.49200,
,,,0.042800000000,   1.49200,
,,,0.042804000000,   1.49200,
,,,0.042808000000,   1.49200,
,,,0.042812000000,   1.49200,
,,,0.042816000000,   1.49200,
,,,0.042820000000,   1.49200,
,,,0.042824000000,   1.49200,
,,,0.042828000000,   1.49200,
,,,0.042832000000,   1.49200,
,,,0.042836000000,   1.49200,
,,,0.042840000000,   1.49200,
,,,0.042844000000,   1.49200,
,,,0.042848000000,   1.49200,
,,,0.042852000000,   1.49200,
,,,0.042856000000,   1.49200,
,,,0.042860000000,   1.49200,
,,,0.042864000000,   1.49200,
,,,0.042868000000,   1.49200,
,,,0.042872000000,   1.49200,
,,,0.042876000000,   1.49200,
,,,0.042880000000,   1.49200,
,,,0.042884000000,   1.49200,
,,,0.042888000000,   1.49200,
,,,0.042892000000,   1.49200,
,,,0.042896000000,   1.49200,
,,,0.042900000000,   1.49200,
,,,0.042904000000,   1.49200,
,,,0.042908000000,   1.49200,
,,,0.042912000000,   1.49200,
,,,0.042916000000,   1.49200,
,,,0.042920000000,   1.49200,
,,,0.042924000000,   1.49200,
,,,0.042928000000,   1.49200,
,,,0.042932000000,   1.49200,
,,,0.042936000000,   1.49200,
,,,0.042940000000,   1.49200,
,,,0.042944000000,   1.49200,
,,,0.042948000000,   1.49200,
,,,0.042952000000,   1.49200,
,,,0.042956000000,   1.49200,
,,,0.042960000000,   1.49200,
,,,0.042964000000,   1.49200,
,,,0.042968000000,   1.49200,
,,,0.042972000000,   1.49200,
,,,0.042976000000,   1.49200,
,,,0.042980000000,   1.49200,
,,,0.042984000000,   1.49200,
,,,0.042988000000,   1.49200,
,,,0.042992000000,   1.49200,
,,,0.042996000000,   1.49200,
,,,0.043000000000,   1.49200,
,,,0.043004000000,   1.49200,
,,,0.043008000000,   1.49200,
,,,0.043012000000,   1.49200,
,,,0.043016000000,   1.49200,
,,,0.043020000000,   1.49200,
,,,0.043024000000,   1.49200,
,,,0.043028000000,   1.49200,
,,,0.043032000000,   1.49200,
,,,0.043036000000,   1.49200,
,,,0.043040000000,   1.49200,
,,,0.043044000000,   1.49200,
,,,0.043048000000,   1.49200,
,,,0.043052000000,   1.49200,
,,,0.043056000000,   1.49200,
,,,0.043060000000,   1.49200,
,,,0.043064000000,   1.49200,
,,,0.043068000000,   1.49200,
,,,0.043072000000,   1.49200,
,,,0.043076000000,   1.49200,
,,,0.043080000000,   1.49200,
,,,0.043084000000,   1.49200,
,,,0.043088000000,   1.49200,
,,,0.043092000000,   1.49200,
,,,0.043096000000,   1.49200,
,,,0.043100000000,   1.49200,
,,,0.043104000000,   1.49200,
,,,0.043108000000,   1.49200,
,,,0.043112000000,   1.49200,
,,,0.043116000000,   1.49200,
,,,0.043120000000,   1.49200,
,,,0.043124000000,   1.49200,
,,,0.043128000000,   1.49200,
,,,0.043132000000,   1.49200,
,,,0.043136000000,   1.49200,
,,,0.043140000000,   1.49200,
,,,0.043144000000,   1.49200,
,,,0.043148000000,   1.49200,
,,,0.043152000000,   1.49200,
,,,0.043156000000,   1.49200,
,,,0.043160000000,   1.49200,
,,,0.043164000000,   1.49200,
,,,0.043168000000,   1.49200,
,,,0.043172000000,   1.49200,
,,,0.043176000000,   1.49200,
,,,0.043180000000,   1.49200,
,,,0.043184000000,   1.49200,
,,,0.043188000000,   1.49200,
,,,0.043192000000,   1.49200,
,,,0.043196000000,   1.49200,
,,,0.043200000000,   1.49200,
,,,0.043204000000,   1.49200,
,,,0.043208000000,   1.49200,
,,,0.043212000000,   1.49200,
,,,0.043216000000,   1.49200,
,,,0.043220000000,   1.49200,
,,,0.043224000000,   1.49200,
,,,0.043228000000,   1.49200,
,,,0.043232000000,   1.49200,
,,,0.043236000000,   1.49200,
,,,0.043240000000,   1.49200,
,,,0.043244000000,   1.49200,
,,,0.043248000000,   1.49200,
,,,0.043252000000,   1.49200,
,,,0.043256000000,   1.49200,
,,,0.043260000000,   1.49200,
,,,0.043264000000,   1.49200,
,,,0.043268000000,   1.49200,
,,,0.043272000000,   1.49200,
,,,0.043276000000,   1.49200,
,,,0.043280000000,   1.49200,
,,,0.043284000000,   1.49200,
,,,0.043288000000,   1.49200,
,,,0.043292000000,   1.49200,
,,,0.043296000000,   1.49200,
,,,0.043300000000,   1.49200,
,,,0.043304000000,   1.49200,
,,,0.043308000000,   1.49200,
,,,0.043312000000,   1.49200,
,,,0.043316000000,   1.49200,
,,,0.043320000000,   1.49200,
,,,0.043324000000,   1.49200,
,,,0.043328000000,   1.49200,
,,,0.043332000000,   1.49200,
,,,0.043336000000,   1.49200,
,,,0.043340000000,   1.49200,
,,,0.043344000000,   1.49200,
,,,0.043348000000,   1.49200,
,,,0.043352000000,   1.49200,
,,,0.043356000000,   1.49200,
,,,0.043360000000,   1.49200,
,,,0.043364000000,   1.49200,
,,,0.043368000000,   1.49200,
,,,0.043372000000,   1.49200,
,,,0.043376000000,   1.49200,
,,,0.043380000000,   1.49200,
,,,0.043384000000,   1.49200,
,,,0.043388000000,   1.49200,
,,,0.043392000000,   1.49200,
,,,0.043396000000,   1.49200,
,,,0.043400000000,   1.49200,
,,,0.043404000000,   1.49200,
,,,0.043408000000,   1.49200,
,,,0.043412000000,   1.49200,
,,,0.043416000000,   1.49200,
,,,0.043420000000,   1.49200,
,,,0.043424000000,   1.49200,
,,,0.043428000000,   1.49200,
,,,0.043432000000,   1.49200,
,,,0.043436000000,   1.49200,
,,,0.043440000000,   1.49200,
,,,0.043444000000,   1.49200,
,,,0.043448000000,   1.49200,
,,,0.043452000000,   1.49200,
,,,0.043456000000,   1.49200,
,,,0.043460000000,   1.49200,
,,,0.043464000000,   1.49200,
,,,0.043468000000,   1.49200,
,,,0.043472000000,   1.49200,
,,,0.043476000000,   1.49200,
,,,0.043480000000,   1.49200,
,,,0.043484000000,   1.49200,
,,,0.043488000000,   1.49200,
,,,0.043492000000,   1.49200,
,,,0.043496000000,   1.49200,
,,,0.043500000000,   1.49200,
,,,0.043504000000,   1.49200,
,,,0.043508000000,   1.49200,
,,,0.043512000000,   1.49200,
,,,0.043516000000,   1.49200,
,,,0.043520000000,   1.49200,
,,,0.043524000000,   1.49200,
,,,0.043528000000,   1.49200,
,,,0.043532000000,   1.49200,
,,,0.043536000000,   1.49200,
,,,0.043540000000,   1.49200,
,,,0.043544000000,   1.49200,
,,,0.043548000000,   1.49200,
,,,0.043552000000,   1.49200,
,,,0.043556000000,   1.49200,
,,,0.043560000000,   1.49200,
,,,0.043564000000,   1.49200,
,,,0.043568000000,   1.49200,
,,,0.043572000000,   1.49200,
,,,0.043576000000,   1.49200,
,,,0.043580000000,   1.49200,
,,,0.043584000000,   1.49200,
,,,0.043588000000,   1.49200,
,,,0.043592000000,   1.49200,
,,,0.043596000000,   1.49200,
,,,0.043600000000,   1.49200,
,,,0.043604000000,   1.49200,
,,,0.043608000000,   1.49200,
,,,0.043612000000,   1.49200,
,,,0.043616000000,   1.49200,
,,,0.043620000000,   1.49200,
,,,0.043624000000,   1.49200,
,,,0.043628000000,   1.49200,
,,,0.043632000000,   1.49200,
,,,0.043636000000,   1.49200,
,,,0.043640000000,   1.49200,
,,,0.043644000000,   1.49200,
,,,0.043648000000,   1.49200,
,,,0.043652000000,   1.49200,
,,,0.043656000000,   1.49200,
,,,0.043660000000,   1.49200,
,,,0.043664000000,   1.49200,
,,,0.043668000000,   1.49200,
,,,0.043672000000,   1.49200,
,,,0.043676000000,   1.49200,
,,,0.043680000000,   1.49200,
,,,0.043684000000,   1.49200,
,,,0.043688000000,   1.49200,
,,,0.043692000000,   1.49200,
,,,0.043696000000,   1.49200,
,,,0.043700000000,   1.49200,
,,,0.043704000000,   1.49200,
,,,0.043708000000,   1.49200,
,,,0.043712000000,   1.49200,
,,,0.043716000000,   1.49200,
,,,0.043720000000,   1.49200,
,,,0.043724000000,   1.49200,
,,,0.043728000000,   1.49200,
,,,0.043732000000,   1.49200,
,,,0.043736000000,   1.49200,
,,,0.043740000000,   1.49200,
,,,0.043744000000,   1.49200,
,,,0.043748000000,   1.49200,
,,,0.043752000000,   1.49200,
,,,0.043756000000,   1.49200,
,,,0.043760000000,   1.49200,
,,,0.043764000000,   1.49200,
,,,0.043768000000,   1.49200,
,,,0.043772000000,   1.49200,
,,,0.043776000000,   1.49200,
,,,0.043780000000,   1.49200,
,,,0.043784000000,   1.49200,
,,,0.043788000000,   1.49200,
,,,0.043792000000,   1.49200,
,,,0.043796000000,   1.49200,
,,,0.043800000000,   1.49200,
,,,0.043804000000,   1.49200,
,,,0.043808000000,   1.49200,
,,,0.043812000000,   1.49200,
,,,0.043816000000,   1.49200,
,,,0.043820000000,   1.49200,
,,,0.043824000000,   1.49200,
,,,0.043828000000,   1.49200,
,,,0.043832000000,   1.49200,
,,,0.043836000000,   1.49200,
,,,0.043840000000,   1.49200,
,,,0.043844000000,   1.49200,
,,,0.043848000000,   1.49200,
,,,0.043852000000,   1.49200,
,,,0.043856000000,   1.49200,
,,,0.043860000000,   1.49200,
,,,0.043864000000,   1.49200,
,,,0.043868000000,   1.49200,
,,,0.043872000000,   1.49200,
,,,0.043876000000,   1.49200,
,,,0.043880000000,   1.49200,
,,,0.043884000000,   1.49200,
,,,0.043888000000,   1.49200,
,,,0.043892000000,   1.49200,
,,,0.043896000000,   1.49200,
,,,0.043900000000,   1.49200,
,,,0.043904000000,   1.49200,
,,,0.043908000000,   1.49200,
,,,0.043912000000,   1.49200,
,,,0.043916000000,   1.49200,
,,,0.043920000000,   1.49200,
,,,0.043924000000,   1.49200,
,,,0.043928000000,   1.49200,
,,,0.043932000000,   1.49200,
,,,0.043936000000,   1.49200,
,,,0.043940000000,   1.49200,
,,,0.043944000000,   1.49200,
,,,0.043948000000,   1.49200,
,,,0.043952000000,   1.49200,
,,,0.043956000000,   1.49200,
,,,0.043960000000,   1.49200,
,,,0.043964000000,   1.49200,
,,,0.043968000000,   1.49200,
,,,0.043972000000,   1.49200,
,,,0.043976000000,   1.49200,
,,,0.043980000000,   1.49200,
,,,0.043984000000,   1.49200,
,,,0.043988000000,   1.49200,
,,,0.043992000000,   1.49200,
,,,0.043996000000,   1.49200,
,,,0.044000000000,   1.49200,
,,,0.044004000000,   1.49200,
,,,0.044008000000,   1.49200,
,,,0.044012000000,   1.49200,
,,,0.044016000000,   1.49200,
,,,0.044020000000,   1.49200,
,,,0.044024000000,   1.49200,
,,,0.044028000000,   1.49200,
,,,0.044032000000,   1.49200,
,,,0.044036000000,   1.49200,
,,,0.044040000000,   1.49200,
,,,0.044044000000,   1.49200,
,,,0.044048000000,   1.49200,
,,,0.044052000000,   1.49200,
,,,0.044056000000,   1.49200,
,,,0.044060000000,   1.49200,
,,,0.044064000000,   1.49200,
,,,0.044068000000,   1.49200,
,,,0.044072000000,   1.49200,
,,,0.044076000000,   1.49200,
,,,0.044080000000,   1.49200,
,,,0.044084000000,   1.49200,
,,,0.044088000000,   1.49200,
,,,0.044092000000,   1.49200,
,,,0.044096000000,   1.49200,
,,,0.044100000000,   1.49200,
,,,0.044104000000,   1.49200,
,,,0.044108000000,   1.49200,
,,,0.044112000000,   1.49200,
,,,0.044116000000,   1.49200,
,,,0.044120000000,   1.49200,
,,,0.044124000000,   1.49200,
,,,0.044128000000,   1.49200,
,,,0.044132000000,   1.49200,
,,,0.044136000000,   1.49200,
,,,0.044140000000,   1.49200,
,,,0.044144000000,   1.49200,
,,,0.044148000000,   1.49200,
,,,0.044152000000,   1.49200,
,,,0.044156000000,   1.49200,
,,,0.044160000000,   1.49200,
,,,0.044164000000,   1.49200,
,,,0.044168000000,   1.49200,
,,,0.044172000000,   1.49200,
,,,0.044176000000,   1.49200,
,,,0.044180000000,   1.49200,
,,,0.044184000000,   1.49200,
,,,0.044188000000,   1.49200,
,,,0.044192000000,   1.49200,
,,,0.044196000000,   1.49200,
,,,0.044200000000,   1.49200,
,,,0.044204000000,   1.49200,
,,,0.044208000000,   1.49200,
,,,0.044212000000,   1.49200,
,,,0.044216000000,   1.49200,
,,,0.044220000000,   1.49200,
,,,0.044224000000,   1.49200,
,,,0.044228000000,   1.49200,
,,,0.044232000000,   1.49200,
,,,0.044236000000,   1.49200,
,,,0.044240000000,   1.49200,
,,,0.044244000000,   1.49200,
,,,0.044248000000,   1.49200,
,,,0.044252000000,   1.49200,
,,,0.044256000000,   1.49200,
,,,0.044260000000,   1.49200,
,,,0.044264000000,   1.49200,
,,,0.044268000000,   1.49200,
,,,0.044272000000,   1.49200,
,,,0.044276000000,   1.49200,
,,,0.044280000000,   1.49200,
,,,0.044284000000,   1.49200,
,,,0.044288000000,   1.49200,
,,,0.044292000000,   1.49200,
,,,0.044296000000,   1.49200,
,,,0.044300000000,   1.49200,
,,,0.044304000000,   1.49200,
,,,0.044308000000,   1.49200,
,,,0.044312000000,   1.49200,
,,,0.044316000000,   1.49200,
,,,0.044320000000,   1.49200,
,,,0.044324000000,   1.49200,
,,,0.044328000000,   1.49200,
,,,0.044332000000,   1.49200,
,,,0.044336000000,   1.49200,
,,,0.044340000000,   1.49200,
,,,0.044344000000,   1.49200,
,,,0.044348000000,   1.49200,
,,,0.044352000000,   1.49200,
,,,0.044356000000,   1.49200,
,,,0.044360000000,   1.49200,
,,,0.044364000000,   1.49200,
,,,0.044368000000,   1.49200,
,,,0.044372000000,   1.49200,
,,,0.044376000000,   1.49200,
,,,0.044380000000,   1.49200,
,,,0.044384000000,   1.49200,
,,,0.044388000000,   1.49200,
,,,0.044392000000,   1.49200,
,,,0.044396000000,   1.49200,
,,,0.044400000000,   1.49200,
,,,0.044404000000,   1.49200,
,,,0.044408000000,   1.49200,
,,,0.044412000000,   1.49200,
,,,0.044416000000,   1.49200,
,,,0.044420000000,   1.49200,
,,,0.044424000000,   1.49200,
,,,0.044428000000,   1.49200,
,,,0.044432000000,   1.49200,
,,,0.044436000000,   1.49200,
,,,0.044440000000,   1.49200,
,,,0.044444000000,   1.49200,
,,,0.044448000000,   1.49200,
,,,0.044452000000,   1.49200,
,,,0.044456000000,   1.49200,
,,,0.044460000000,   1.49200,
,,,0.044464000000,   1.49200,
,,,0.044468000000,   1.49200,
,,,0.044472000000,   1.49200,
,,,0.044476000000,   1.49200,
,,,0.044480000000,   1.49200,
,,,0.044484000000,   1.49200,
,,,0.044488000000,   1.49200,
,,,0.044492000000,   1.49200,
,,,0.044496000000,   1.49200,
,,,0.044500000000,   1.49200,
,,,0.044504000000,   1.49200,
,,,0.044508000000,   1.49200,
,,,0.044512000000,   1.49200,
,,,0.044516000000,   1.49200,
,,,0.044520000000,   1.49200,
,,,0.044524000000,   1.49200,
,,,0.044528000000,   1.49200,
,,,0.044532000000,   1.49200,
,,,0.044536000000,   1.49200,
,,,0.044540000000,   1.49200,
,,,0.044544000000,   1.49200,
,,,0.044548000000,   1.49200,
,,,0.044552000000,   1.49200,
,,,0.044556000000,   1.49200,
,,,0.044560000000,   1.49200,
,,,0.044564000000,   1.49200,
,,,0.044568000000,   1.49200,
,,,0.044572000000,   1.49200,
,,,0.044576000000,   1.49200,
,,,0.044580000000,   1.49200,
,,,0.044584000000,   1.49200,
,,,0.044588000000,   1.49200,
,,,0.044592000000,   1.49200,
,,,0.044596000000,   1.49200,
,,,0.044600000000,   1.49200,
,,,0.044604000000,   1.49200,
,,,0.044608000000,   1.49200,
,,,0.044612000000,   1.49200,
,,,0.044616000000,   1.49200,
,,,0.044620000000,   1.49200,
,,,0.044624000000,   1.49200,
,,,0.044628000000,   1.49200,
,,,0.044632000000,   1.49200,
,,,0.044636000000,   1.49200,
,,,0.044640000000,   1.49200,
,,,0.044644000000,   1.49200,
,,,0.044648000000,   1.49200,
,,,0.044652000000,   1.49200,
,,,0.044656000000,   1.49200,
,,,0.044660000000,   1.49200,
,,,0.044664000000,   1.49200,
,,,0.044668000000,   1.49200,
,,,0.044672000000,   1.49200,
,,,0.044676000000,   1.49200,
,,,0.044680000000,   1.49200,
,,,0.044684000000,   1.49200,
,,,0.044688000000,   1.49200,
,,,0.044692000000,   1.49200,
,,,0.044696000000,   1.49200,
,,,0.044700000000,   1.49200,
,,,0.044704000000,   1.49200,
,,,0.044708000000,   1.49200,
,,,0.044712000000,   1.49200,
,,,0.044716000000,   1.49200,
,,,0.044720000000,   1.49200,
,,,0.044724000000,   1.49200,
,,,0.044728000000,   1.49200,
,,,0.044732000000,   1.49200,
,,,0.044736000000,   1.49200,
,,,0.044740000000,   1.49200,
,,,0.044744000000,   1.49200,
,,,0.044748000000,   1.49200,
,,,0.044752000000,   1.49200,
,,,0.044756000000,   1.49200,
,,,0.044760000000,   1.49200,
,,,0.044764000000,   1.49200,
,,,0.044768000000,   1.49200,
,,,0.044772000000,   1.49200,
,,,0.044776000000,   1.49200,
,,,0.044780000000,   1.49200,
,,,0.044784000000,   1.49200,
,,,0.044788000000,   1.49200,
,,,0.044792000000,   1.49200,
,,,0.044796000000,   1.49200,
,,,0.044800000000,   1.49200,
,,,0.044804000000,   1.49200,
,,,0.044808000000,   1.49200,
,,,0.044812000000,   1.49200,
,,,0.044816000000,   1.49200,
,,,0.044820000000,   1.49200,
,,,0.044824000000,   1.49200,
,,,0.044828000000,   1.49200,
,,,0.044832000000,   1.49200,
,,,0.044836000000,   1.49200,
,,,0.044840000000,   1.49200,
,,,0.044844000000,   1.49200,
,,,0.044848000000,   1.49200,
,,,0.044852000000,   1.49200,
,,,0.044856000000,   1.49200,
,,,0.044860000000,   1.49200,
,,,0.044864000000,   1.49200,
,,,0.044868000000,   1.49200,
,,,0.044872000000,   1.49200,
,,,0.044876000000,   1.49200,
,,,0.044880000000,   1.49200,
,,,0.044884000000,   1.49200,
,,,0.044888000000,   1.49200,
,,,0.044892000000,   1.49200,
,,,0.044896000000,   1.49200,
,,,0.044900000000,   1.49200,
,,,0.044904000000,   1.49200,
,,,0.044908000000,   1.49200,
,,,0.044912000000,   1.49200,
,,,0.044916000000,   1.49200,
,,,0.044920000000,   1.49200,
,,,0.044924000000,   1.49200,
,,,0.044928000000,   1.49200,
,,,0.044932000000,   1.49200,
,,,0.044936000000,   1.49200,
,,,0.044940000000,   1.49200,
,,,0.044944000000,   1.49200,
,,,0.044948000000,   1.49200,
,,,0.044952000000,   1.49200,
,,,0.044956000000,   1.49200,
,,,0.044960000000,   1.49200,
,,,0.044964000000,   1.49200,
,,,0.044968000000,   1.49200,
,,,0.044972000000,   1.49200,
,,,0.044976000000,   1.49200,
,,,0.044980000000,   1.49200,
,,,0.044984000000,   1.49200,
,,,0.044988000000,   1.49200,
,,,0.044992000000,   1.49200,
,,,0.044996000000,   1.49200,
,,,0.045000000000,   1.49200,
,,,0.045004000000,   1.49200,
,,,0.045008000000,   1.49200,
,,,0.045012000000,   1.49200,
,,,0.045016000000,   1.49200,
,,,0.045020000000,   1.49200,
,,,0.045024000000,   1.49200,
,,,0.045028000000,   1.49200,
,,,0.045032000000,   1.49200,
,,,0.045036000000,   1.49200,
,,,0.045040000000,   1.49200,
,,,0.045044000000,   1.49200,
,,,0.045048000000,   1.49200,
,,,0.045052000000,   1.49200,
,,,0.045056000000,   1.49200,
,,,0.045060000000,   1.49200,
,,,0.045064000000,   1.49200,
,,,0.045068000000,   1.49200,
,,,0.045072000000,   1.49200,
,,,0.045076000000,   1.49200,
,,,0.045080000000,   1.49200,
,,,0.045084000000,   1.49200,
,,,0.045088000000,   1.49200,
,,,0.045092000000,   1.49200,
,,,0.045096000000,   1.49200,
,,,0.045100000000,   1.49200,
,,,0.045104000000,   1.49200,
,,,0.045108000000,   1.49200,
,,,0.045112000000,   1.49200,
,,,0.045116000000,   1.49200,
,,,0.045120000000,   1.49200,
,,,0.045124000000,   1.49200,
,,,0.045128000000,   1.49200,
,,,0.045132000000,   1.49200,
,,,0.045136000000,   1.49200,
,,,0.045140000000,   1.49200,
,,,0.045144000000,   1.49200,
,,,0.045148000000,   1.49200,
,,,0.045152000000,   1.49200,
,,,0.045156000000,   1.49200,
,,,0.045160000000,   1.49200,
,,,0.045164000000,   1.49200,
,,,0.045168000000,   1.49200,
,,,0.045172000000,   1.49200,
,,,0.045176000000,   1.49200,
,,,0.045180000000,   1.49200,
,,,0.045184000000,   1.49200,
,,,0.045188000000,   1.49200,
,,,0.045192000000,   1.49200,
,,,0.045196000000,   1.49200,
,,,0.045200000000,   1.49200,
,,,0.045204000000,   1.49200,
,,,0.045208000000,   1.49200,
,,,0.045212000000,   1.49200,
,,,0.045216000000,   1.49200,
,,,0.045220000000,   1.49200,
,,,0.045224000000,   1.49200,
,,,0.045228000000,   1.49200,
,,,0.045232000000,   1.49200,
,,,0.045236000000,   1.49200,
,,,0.045240000000,   1.49200,
,,,0.045244000000,   1.49200,
,,,0.045248000000,   1.49200,
,,,0.045252000000,   1.49200,
,,,0.045256000000,   1.49200,
,,,0.045260000000,   1.49200,
,,,0.045264000000,   1.49200,
,,,0.045268000000,   1.49200,
,,,0.045272000000,   1.49200,
,,,0.045276000000,   1.49200,
,,,0.045280000000,   1.49200,
,,,0.045284000000,   1.49200,
,,,0.045288000000,   1.49200,
,,,0.045292000000,   1.49200,
,,,0.045296000000,   1.49200,
,,,0.045300000000,   1.49200,
,,,0.045304000000,   1.49200,
,,,0.045308000000,   1.49200,
,,,0.045312000000,   1.49200,
,,,0.045316000000,   1.49200,
,,,0.045320000000,   1.49200,
,,,0.045324000000,   1.49200,
,,,0.045328000000,   1.49200,
,,,0.045332000000,   1.49200,
,,,0.045336000000,   1.49200,
,,,0.045340000000,   1.49200,
,,,0.045344000000,   1.49200,
,,,0.045348000000,   1.49200,
,,,0.045352000000,   1.49200,
,,,0.045356000000,   1.49200,
,,,0.045360000000,   1.49200,
,,,0.045364000000,   1.49200,
,,,0.045368000000,   1.49200,
,,,0.045372000000,   1.49200,
,,,0.045376000000,   1.49200,
,,,0.045380000000,   1.49200,
,,,0.045384000000,   1.49200,
,,,0.045388000000,   1.49200,
,,,0.045392000000,   1.49200,
,,,0.045396000000,   1.49200,
,,,0.045400000000,   1.49200,
,,,0.045404000000,   1.49200,
,,,0.045408000000,   1.49200,
,,,0.045412000000,   1.49200,
,,,0.045416000000,   1.49200,
,,,0.045420000000,   1.49200,
,,,0.045424000000,   1.49200,
,,,0.045428000000,   1.49200,
,,,0.045432000000,   1.49200,
,,,0.045436000000,   1.49200,
,,,0.045440000000,   1.49200,
,,,0.045444000000,   1.49200,
,,,0.045448000000,   1.49200,
,,,0.045452000000,   1.49200,
,,,0.045456000000,   1.49200,
,,,0.045460000000,   1.49200,
,,,0.045464000000,   1.49200,
,,,0.045468000000,   1.49200,
,,,0.045472000000,   1.49200,
,,,0.045476000000,   1.49200,
,,,0.045480000000,   1.49200,
,,,0.045484000000,   1.49200,
,,,0.045488000000,   1.49200,
,,,0.045492000000,   1.49200,
,,,0.045496000000,   1.49200,
,,,0.045500000000,   1.49200,
,,,0.045504000000,   1.49200,
,,,0.045508000000,   1.49200,
,,,0.045512000000,   1.49200,
,,,0.045516000000,   1.49200,
,,,0.045520000000,   1.49200,
,,,0.045524000000,   1.49200,
,,,0.045528000000,   1.49200,
,,,0.045532000000,   1.49200,
,,,0.045536000000,   1.49200,
,,,0.045540000000,   1.49200,
,,,0.045544000000,   1.49200,
,,,0.045548000000,   1.49200,
,,,0.045552000000,   1.49200,
,,,0.045556000000,   1.49200,
,,,0.045560000000,   1.49200,
,,,0.045564000000,   1.49200,
,,,0.045568000000,   1.49200,
,,,0.045572000000,   1.49200,
,,,0.045576000000,   1.49200,
,,,0.045580000000,   1.49200,
,,,0.045584000000,   1.49200,
,,,0.045588000000,   1.49200,
,,,0.045592000000,   1.49200,
,,,0.045596000000,   1.49200,
,,,0.045600000000,   1.49200,
,,,0.045604000000,   1.49200,
,,,0.045608000000,   1.49200,
,,,0.045612000000,   1.49200,
,,,0.045616000000,   1.49200,
,,,0.045620000000,   1.49200,
,,,0.045624000000,   1.49200,
,,,0.045628000000,   1.49200,
,,,0.045632000000,   1.49200,
,,,0.045636000000,   1.49200,
,,,0.045640000000,   1.49200,
,,,0.045644000000,   1.49200,
,,,0.045648000000,   1.49200,
,,,0.045652000000,   1.49200,
,,,0.045656000000,   1.49200,
,,,0.045660000000,   1.49200,
,,,0.045664000000,   1.49200,
,,,0.045668000000,   1.49200,
,,,0.045672000000,   1.49200,
,,,0.045676000000,   1.49200,
,,,0.045680000000,   1.49200,
,,,0.045684000000,   1.49200,
,,,0.045688000000,   1.49200,
,,,0.045692000000,   1.49200,
,,,0.045696000000,   1.49200,
,,,0.045700000000,   1.49200,
,,,0.045704000000,   1.49200,
,,,0.045708000000,   1.49200,
,,,0.045712000000,   1.49200,
,,,0.045716000000,   1.49200,
,,,0.045720000000,   1.49200,
,,,0.045724000000,   1.49200,
,,,0.045728000000,   1.49200,
,,,0.045732000000,   1.49200,
,,,0.045736000000,   1.49200,
,,,0.045740000000,   1.49200,
,,,0.045744000000,   1.49200,
,,,0.045748000000,   1.49200,
,,,0.045752000000,   1.49200,
,,,0.045756000000,   1.49200,
,,,0.045760000000,   1.49200,
,,,0.045764000000,   1.49200,
,,,0.045768000000,   1.49200,
,,,0.045772000000,   1.49200,
,,,0.045776000000,   1.49200,
,,,0.045780000000,   1.49200,
,,,0.045784000000,   1.49200,
,,,0.045788000000,   1.49200,
,,,0.045792000000,   1.49200,
,,,0.045796000000,   1.49200,
,,,0.045800000000,   1.49200,
,,,0.045804000000,   1.49200,
,,,0.045808000000,   1.49200,
,,,0.045812000000,   1.49200,
,,,0.045816000000,   1.49200,
,,,0.045820000000,   1.49200,
,,,0.045824000000,   1.49200,
,,,0.045828000000,   1.49200,
,,,0.045832000000,   1.49200,
,,,0.045836000000,   1.49200,
,,,0.045840000000,   1.49200,
,,,0.045844000000,   1.49200,
,,,0.045848000000,   1.49200,
,,,0.045852000000,   1.49200,
,,,0.045856000000,   1.49200,
,,,0.045860000000,   1.49200,
,,,0.045864000000,   1.49200,
,,,0.045868000000,   1.49200,
,,,0.045872000000,   1.49200,
,,,0.045876000000,   1.49200,
,,,0.045880000000,   1.49200,
,,,0.045884000000,   1.49200,
,,,0.045888000000,   1.49200,
,,,0.045892000000,   1.49200,
,,,0.045896000000,   1.49200,
,,,0.045900000000,   1.49200,
,,,0.045904000000,   1.49200,
,,,0.045908000000,   1.49200,
,,,0.045912000000,   1.49200,
,,,0.045916000000,   1.49200,
,,,0.045920000000,   1.49200,
,,,0.045924000000,   1.49200,
,,,0.045928000000,   1.49200,
,,,0.045932000000,   1.49200,
,,,0.045936000000,   1.49200,
,,,0.045940000000,   1.49200,
,,,0.045944000000,   1.49200,
,,,0.045948000000,   1.49200,
,,,0.045952000000,   1.49200,
,,,0.045956000000,   1.49200,
,,,0.045960000000,   1.49200,
,,,0.045964000000,   1.49200,
,,,0.045968000000,   1.49200,
,,,0.045972000000,   1.49200,
,,,0.045976000000,   1.49200,
,,,0.045980000000,   1.49200,
,,,0.045984000000,   1.49200,
,,,0.045988000000,   1.49200,
,,,0.045992000000,   1.49200,
,,,0.045996000000,   1.49200,
,,,0.046000000000,   1.49200,
,,,0.046004000000,   1.49200,
,,,0.046008000000,   1.49200,
,,,0.046012000000,   1.49200,
,,,0.046016000000,   1.49200,
,,,0.046020000000,   1.49200,
,,,0.046024000000,   1.49200,
,,,0.046028000000,   1.49200,
,,,0.046032000000,   1.49200,
,,,0.046036000000,   1.49200,
,,,0.046040000000,   1.49200,
,,,0.046044000000,   1.49200,
,,,0.046048000000,   1.49200,
,,,0.046052000000,   1.49200,
,,,0.046056000000,   1.49200,
,,,0.046060000000,   1.49200,
,,,0.046064000000,   1.49200,
,,,0.046068000000,   1.49200,
,,,0.046072000000,   1.49200,
,,,0.046076000000,   1.49200,
,,,0.046080000000,   1.49200,
,,,0.046084000000,   1.49200,
,,,0.046088000000,   1.49200,
,,,0.046092000000,   1.49200,
,,,0.046096000000,   1.49200,
,,,0.046100000000,   1.49200,
,,,0.046104000000,   1.49200,
,,,0.046108000000,   1.49200,
,,,0.046112000000,   1.49200,
,,,0.046116000000,   1.49200,
,,,0.046120000000,   1.49200,
,,,0.046124000000,   1.49200,
,,,0.046128000000,   1.49200,
,,,0.046132000000,   1.49200,
,,,0.046136000000,   1.49200,
,,,0.046140000000,   1.49200,
,,,0.046144000000,   1.49200,
,,,0.046148000000,   1.49200,
,,,0.046152000000,   1.49200,
,,,0.046156000000,   1.49200,
,,,0.046160000000,   1.49200,
,,,0.046164000000,   1.49200,
,,,0.046168000000,   1.49200,
,,,0.046172000000,   1.49200,
,,,0.046176000000,   1.49200,
,,,0.046180000000,   1.49200,
,,,0.046184000000,   1.49200,
,,,0.046188000000,   1.49200,
,,,0.046192000000,   1.49200,
,,,0.046196000000,   1.49200,
,,,0.046200000000,   1.49200,
,,,0.046204000000,   1.49200,
,,,0.046208000000,   1.49200,
,,,0.046212000000,   1.49200,
,,,0.046216000000,   1.49200,
,,,0.046220000000,   1.49200,
,,,0.046224000000,   1.49200,
,,,0.046228000000,   1.49200,
,,,0.046232000000,   1.49200,
,,,0.046236000000,   1.49200,
,,,0.046240000000,   1.49200,
,,,0.046244000000,   1.49200,
,,,0.046248000000,   1.49200,
,,,0.046252000000,   1.49200,
,,,0.046256000000,   1.49200,
,,,0.046260000000,   1.49200,
,,,0.046264000000,   1.49200,
,,,0.046268000000,   1.49200,
,,,0.046272000000,   1.49200,
,,,0.046276000000,   1.49200,
,,,0.046280000000,   1.49200,
,,,0.046284000000,   1.49200,
,,,0.046288000000,   1.49200,
,,,0.046292000000,   1.49200,
,,,0.046296000000,   1.49200,
,,,0.046300000000,   1.49200,
,,,0.046304000000,   1.49200,
,,,0.046308000000,   1.49200,
,,,0.046312000000,   1.49200,
,,,0.046316000000,   1.49200,
,,,0.046320000000,   1.49200,
,,,0.046324000000,   1.49200,
,,,0.046328000000,   1.49200,
,,,0.046332000000,   1.49200,
,,,0.046336000000,   1.49200,
,,,0.046340000000,   1.49200,
,,,0.046344000000,   1.49200,
,,,0.046348000000,   1.49200,
,,,0.046352000000,   1.49200,
,,,0.046356000000,   1.49200,
,,,0.046360000000,   1.49200,
,,,0.046364000000,   1.49200,
,,,0.046368000000,   1.49200,
,,,0.046372000000,   1.49200,
,,,0.046376000000,   1.49200,
,,,0.046380000000,   1.49200,
,,,0.046384000000,   1.49200,
,,,0.046388000000,   1.49200,
,,,0.046392000000,   1.49200,
,,,0.046396000000,   1.49200,
,,,0.046400000000,   1.49200,
,,,0.046404000000,   1.49200,
,,,0.046408000000,   1.49200,
,,,0.046412000000,   1.49200,
,,,0.046416000000,   1.49200,
,,,0.046420000000,   1.49200,
,,,0.046424000000,   1.49200,
,,,0.046428000000,   1.49200,
,,,0.046432000000,   1.49200,
,,,0.046436000000,   1.49200,
,,,0.046440000000,   1.49200,
,,,0.046444000000,   1.49200,
,,,0.046448000000,   1.49200,
,,,0.046452000000,   1.49200,
,,,0.046456000000,   1.49200,
,,,0.046460000000,   1.49200,
,,,0.046464000000,   1.49200,
,,,0.046468000000,   1.49200,
,,,0.046472000000,   1.49200,
,,,0.046476000000,   1.49200,
,,,0.046480000000,   1.49200,
,,,0.046484000000,   1.49200,
,,,0.046488000000,   1.49200,
,,,0.046492000000,   1.49200,
,,,0.046496000000,   1.49200,
,,,0.046500000000,   1.49200,
,,,0.046504000000,   1.49200,
,,,0.046508000000,   1.49200,
,,,0.046512000000,   1.49200,
,,,0.046516000000,   1.49200,
,,,0.046520000000,   1.49200,
,,,0.046524000000,   1.49200,
,,,0.046528000000,   1.49200,
,,,0.046532000000,   1.49200,
,,,0.046536000000,   1.49200,
,,,0.046540000000,   1.49200,
,,,0.046544000000,   1.49200,
,,,0.046548000000,   1.49200,
,,,0.046552000000,   1.49200,
,,,0.046556000000,   1.49200,
,,,0.046560000000,   1.49200,
,,,0.046564000000,   1.49200,
,,,0.046568000000,   1.49200,
,,,0.046572000000,   1.49200,
,,,0.046576000000,   1.49200,
,,,0.046580000000,   1.49200,
,,,0.046584000000,   1.49200,
,,,0.046588000000,   1.49200,
,,,0.046592000000,   1.49200,
,,,0.046596000000,   1.49200,
,,,0.046600000000,   1.49200,
,,,0.046604000000,   1.49200,
,,,0.046608000000,   1.49200,
,,,0.046612000000,   1.49200,
,,,0.046616000000,   1.49200,
,,,0.046620000000,   1.49200,
,,,0.046624000000,   1.49200,
,,,0.046628000000,   1.49200,
,,,0.046632000000,   1.49200,
,,,0.046636000000,   1.49200,
,,,0.046640000000,   1.49200,
,,,0.046644000000,   1.49200,
,,,0.046648000000,   1.49200,
,,,0.046652000000,   1.49200,
,,,0.046656000000,   1.49200,
,,,0.046660000000,   1.49200,
,,,0.046664000000,   1.49200,
,,,0.046668000000,   1.49200,
,,,0.046672000000,   1.49200,
,,,0.046676000000,   1.49200,
,,,0.046680000000,   1.49200,
,,,0.046684000000,   1.49200,
,,,0.046688000000,   1.49200,
,,,0.046692000000,   1.49200,
,,,0.046696000000,   1.49200,
,,,0.046700000000,   1.49200,
,,,0.046704000000,   1.49200,
,,,0.046708000000,   1.49200,
,,,0.046712000000,   1.49200,
,,,0.046716000000,   1.49200,
,,,0.046720000000,   1.49200,
,,,0.046724000000,   1.49200,
,,,0.046728000000,   1.49200,
,,,0.046732000000,   1.49200,
,,,0.046736000000,   1.49200,
,,,0.046740000000,   1.49200,
,,,0.046744000000,   1.49200,
,,,0.046748000000,   1.49200,
,,,0.046752000000,   1.49200,
,,,0.046756000000,   1.49200,
,,,0.046760000000,   1.49200,
,,,0.046764000000,   1.49200,
,,,0.046768000000,   1.49200,
,,,0.046772000000,   1.49200,
,,,0.046776000000,   1.49200,
,,,0.046780000000,   1.49200,
,,,0.046784000000,   1.49200,
,,,0.046788000000,   1.49200,
,,,0.046792000000,   1.49200,
,,,0.046796000000,   1.49200,
,,,0.046800000000,   1.49200,
,,,0.046804000000,   1.49200,
,,,0.046808000000,   1.49200,
,,,0.046812000000,   1.49200,
,,,0.046816000000,   1.49200,
,,,0.046820000000,   1.49200,
,,,0.046824000000,   1.49200,
,,,0.046828000000,   1.49200,
,,,0.046832000000,   1.49200,
,,,0.046836000000,   1.49200,
,,,0.046840000000,   1.49200,
,,,0.046844000000,   1.49200,
,,,0.046848000000,   1.49200,
,,,0.046852000000,   1.49200,
,,,0.046856000000,   1.49200,
,,,0.046860000000,   1.49200,
,,,0.046864000000,   1.49200,
,,,0.046868000000,   1.49200,
,,,0.046872000000,   1.49200,
,,,0.046876000000,   1.49200,
,,,0.046880000000,   1.49200,
,,,0.046884000000,   1.49200,
,,,0.046888000000,   1.49200,
,,,0.046892000000,   1.49200,
,,,0.046896000000,   1.49200,
,,,0.046900000000,   1.49200,
,,,0.046904000000,   1.49200,
,,,0.046908000000,   1.49200,
,,,0.046912000000,   1.49200,
,,,0.046916000000,   1.49200,
,,,0.046920000000,   1.49200,
,,,0.046924000000,   1.49200,
,,,0.046928000000,   1.49200,
,,,0.046932000000,   1.49200,
,,,0.046936000000,   1.49200,
,,,0.046940000000,   1.49200,
,,,0.046944000000,   1.49200,
,,,0.046948000000,   1.49200,
,,,0.046952000000,   1.49200,
,,,0.046956000000,   1.49200,
,,,0.046960000000,   1.49200,
,,,0.046964000000,   1.49200,
,,,0.046968000000,   1.49200,
,,,0.046972000000,   1.49200,
,,,0.046976000000,   1.49200,
,,,0.046980000000,   1.49200,
,,,0.046984000000,   1.49200,
,,,0.046988000000,   1.49200,
,,,0.046992000000,   1.49200,
,,,0.046996000000,   1.49200,
,,,0.047000000000,   1.49200,
,,,0.047004000000,   1.49200,
,,,0.047008000000,   1.49200,
,,,0.047012000000,   1.49200,
,,,0.047016000000,   1.49200,
,,,0.047020000000,   1.49200,
,,,0.047024000000,   1.49200,
,,,0.047028000000,   1.49200,
,,,0.047032000000,   1.49200,
,,,0.047036000000,   1.49200,
,,,0.047040000000,   1.49200,
,,,0.047044000000,   1.49200,
,,,0.047048000000,   1.49200,
,,,0.047052000000,   1.49200,
,,,0.047056000000,   1.49200,
,,,0.047060000000,   1.49200,
,,,0.047064000000,   1.49200,
,,,0.047068000000,   1.49200,
,,,0.047072000000,   1.49200,
,,,0.047076000000,   1.49200,
,,,0.047080000000,   1.49200,
,,,0.047084000000,   1.49200,
,,,0.047088000000,   1.49200,
,,,0.047092000000,   1.49200,
,,,0.047096000000,   1.49200,
,,,0.047100000000,   1.49200,
,,,0.047104000000,   1.49200,
,,,0.047108000000,   1.49200,
,,,0.047112000000,   1.49200,
,,,0.047116000000,   1.49200,
,,,0.047120000000,   1.49200,
,,,0.047124000000,   1.49200,
,,,0.047128000000,   1.49200,
,,,0.047132000000,   1.49200,
,,,0.047136000000,   1.49200,
,,,0.047140000000,   1.49200,
,,,0.047144000000,   1.49200,
,,,0.047148000000,   1.49200,
,,,0.047152000000,   1.49200,
,,,0.047156000000,   1.49200,
,,,0.047160000000,   1.49200,
,,,0.047164000000,   1.49200,
,,,0.047168000000,   1.49200,
,,,0.047172000000,   1.49200,
,,,0.047176000000,   1.49200,
,,,0.047180000000,   1.49200,
,,,0.047184000000,   1.49200,
,,,0.047188000000,   1.49200,
,,,0.047192000000,   1.49200,
,,,0.047196000000,   1.49200,
,,,0.047200000000,   1.49200,
,,,0.047204000000,   1.49200,
,,,0.047208000000,   1.49200,
,,,0.047212000000,   1.49200,
,,,0.047216000000,   1.49200,
,,,0.047220000000,   1.49200,
,,,0.047224000000,   1.49200,
,,,0.047228000000,   1.49200,
,,,0.047232000000,   1.49200,
,,,0.047236000000,   1.49200,
,,,0.047240000000,   1.49200,
,,,0.047244000000,   1.49200,
,,,0.047248000000,   1.49200,
,,,0.047252000000,   1.49200,
,,,0.047256000000,   1.49200,
,,,0.047260000000,   1.49200,
,,,0.047264000000,   1.49200,
,,,0.047268000000,   1.49200,
,,,0.047272000000,   1.49200,
,,,0.047276000000,   1.49200,
,,,0.047280000000,   1.49200,
,,,0.047284000000,   1.49200,
,,,0.047288000000,   1.49200,
,,,0.047292000000,   1.49200,
,,,0.047296000000,   1.49200,
,,,0.047300000000,   1.49200,
,,,0.047304000000,   1.49200,
,,,0.047308000000,   1.49200,
,,,0.047312000000,   1.49200,
,,,0.047316000000,   1.49200,
,,,0.047320000000,   1.49200,
,,,0.047324000000,   1.49200,
,,,0.047328000000,   1.49200,
,,,0.047332000000,   1.49200,
,,,0.047336000000,   1.49200,
,,,0.047340000000,   1.49200,
,,,0.047344000000,   1.49200,
,,,0.047348000000,   1.49200,
,,,0.047352000000,   1.49200,
,,,0.047356000000,   1.49200,
,,,0.047360000000,   1.49200,
,,,0.047364000000,   1.49200,
,,,0.047368000000,   1.49200,
,,,0.047372000000,   1.49200,
,,,0.047376000000,   1.49200,
,,,0.047380000000,   1.49200,
,,,0.047384000000,   1.49200,
,,,0.047388000000,   1.49200,
,,,0.047392000000,   1.49200,
,,,0.047396000000,   1.49200,
,,,0.047400000000,   1.49200,
,,,0.047404000000,   1.49200,
,,,0.047408000000,   1.49200,
,,,0.047412000000,   1.49200,
,,,0.047416000000,   1.49200,
,,,0.047420000000,   1.49200,
,,,0.047424000000,   1.49200,
,,,0.047428000000,   1.49200,
,,,0.047432000000,   1.49200,
,,,0.047436000000,   1.49200,
,,,0.047440000000,   1.49200,
,,,0.047444000000,   1.49200,
,,,0.047448000000,   1.49200,
,,,0.047452000000,   1.49200,
,,,0.047456000000,   1.49200,
,,,0.047460000000,   1.49200,
,,,0.047464000000,   1.49200,
,,,0.047468000000,   1.49200,
,,,0.047472000000,   1.49200,
,,,0.047476000000,   1.49200,
,,,0.047480000000,   1.49200,
,,,0.047484000000,   1.49200,
,,,0.047488000000,   1.49200,
,,,0.047492000000,   1.49200,
,,,0.047496000000,   1.49200,
,,,0.047500000000,   1.49200,
,,,0.047504000000,   1.49200,
,,,0.047508000000,   1.49200,
,,,0.047512000000,   1.49200,
,,,0.047516000000,   1.49200,
,,,0.047520000000,   1.49200,
,,,0.047524000000,   1.49200,
,,,0.047528000000,   1.49200,
,,,0.047532000000,   1.49200,
,,,0.047536000000,   1.49200,
,,,0.047540000000,   1.49200,
,,,0.047544000000,   1.49200,
,,,0.047548000000,   1.49200,
,,,0.047552000000,   1.49200,
,,,0.047556000000,   1.49200,
,,,0.047560000000,   1.49200,
,,,0.047564000000,   1.49200,
,,,0.047568000000,   1.49200,
,,,0.047572000000,   1.49200,
,,,0.047576000000,   1.49200,
,,,0.047580000000,   1.49200,
,,,0.047584000000,   1.49200,
,,,0.047588000000,   1.49200,
,,,0.047592000000,   1.49200,
,,,0.047596000000,   1.49200,
,,,0.047600000000,   1.49200,
,,,0.047604000000,   1.49200,
,,,0.047608000000,   1.49200,
,,,0.047612000000,   1.49200,
,,,0.047616000000,   1.49200,
,,,0.047620000000,   1.49200,
,,,0.047624000000,   1.49200,
,,,0.047628000000,   1.49200,
,,,0.047632000000,   1.49200,
,,,0.047636000000,   1.49200,
,,,0.047640000000,   1.49200,
,,,0.047644000000,   1.49200,
,,,0.047648000000,   1.49200,
,,,0.047652000000,   1.49200,
,,,0.047656000000,   1.49200,
,,,0.047660000000,   1.49200,
,,,0.047664000000,   1.49200,
,,,0.047668000000,   1.49200,
,,,0.047672000000,   1.49200,
,,,0.047676000000,   1.49200,
,,,0.047680000000,   1.49200,
,,,0.047684000000,   1.49200,
,,,0.047688000000,   1.49200,
,,,0.047692000000,   1.49200,
,,,0.047696000000,   1.49200,
,,,0.047700000000,   1.49200,
,,,0.047704000000,   1.49200,
,,,0.047708000000,   1.49200,
,,,0.047712000000,   1.49200,
,,,0.047716000000,   1.49200,
,,,0.047720000000,   1.49200,
,,,0.047724000000,   1.49200,
,,,0.047728000000,   1.49200,
,,,0.047732000000,   1.49200,
,,,0.047736000000,   1.49200,
,,,0.047740000000,   1.49200,
,,,0.047744000000,   1.49200,
,,,0.047748000000,   1.49200,
,,,0.047752000000,   1.49200,
,,,0.047756000000,   1.49200,
,,,0.047760000000,   1.49200,
,,,0.047764000000,   1.49200,
,,,0.047768000000,   1.49200,
,,,0.047772000000,   1.49200,
,,,0.047776000000,   1.49200,
,,,0.047780000000,   1.49200,
,,,0.047784000000,   1.49200,
,,,0.047788000000,   1.49200,
,,,0.047792000000,   1.49200,
,,,0.047796000000,   1.49200,
,,,0.047800000000,   1.49200,
,,,0.047804000000,   1.49200,
,,,0.047808000000,   1.49200,
,,,0.047812000000,   1.49200,
,,,0.047816000000,   1.49200,
,,,0.047820000000,   1.49200,
,,,0.047824000000,   1.49200,
,,,0.047828000000,   1.49200,
,,,0.047832000000,   1.49200,
,,,0.047836000000,   1.49200,
,,,0.047840000000,   1.49200,
,,,0.047844000000,   1.49200,
,,,0.047848000000,   1.49200,
,,,0.047852000000,   1.49200,
,,,0.047856000000,   1.49200,
,,,0.047860000000,   1.49200,
,,,0.047864000000,   1.49200,
,,,0.047868000000,   1.49200,
,,,0.047872000000,   1.49200,
,,,0.047876000000,   1.49200,
,,,0.047880000000,   1.49200,
,,,0.047884000000,   1.49200,
,,,0.047888000000,   1.49200,
,,,0.047892000000,   1.49200,
,,,0.047896000000,   1.49200,
,,,0.047900000000,   1.49200,
,,,0.047904000000,   1.49200,
,,,0.047908000000,   1.49200,
,,,0.047912000000,   1.49200,
,,,0.047916000000,   1.49200,
,,,0.047920000000,   1.49200,
,,,0.047924000000,   1.49200,
,,,0.047928000000,   1.49200,
,,,0.047932000000,   1.49200,
,,,0.047936000000,   1.49200,
,,,0.047940000000,   1.49200,
,,,0.047944000000,   1.49200,
,,,0.047948000000,   1.49200,
,,,0.047952000000,   1.49200,
,,,0.047956000000,   1.49200,
,,,0.047960000000,   1.49200,
,,,0.047964000000,   1.49200,
,,,0.047968000000,   1.49200,
,,,0.047972000000,   1.49200,
,,,0.047976000000,   1.49200,
,,,0.047980000000,   1.49200,
,,,0.047984000000,   1.49200,
,,,0.047988000000,   1.49200,
,,,0.047992000000,   1.49200,
,,,0.047996000000,   1.49200,
,,,0.048000000000,   1.49200,
,,,0.048004000000,   1.49200,
,,,0.048008000000,   1.49200,
,,,0.048012000000,   1.49200,
,,,0.048016000000,   1.49200,
,,,0.048020000000,   1.49200,
,,,0.048024000000,   1.49200,
,,,0.048028000000,   1.49200,
,,,0.048032000000,   1.49200,
,,,0.048036000000,   1.49200,
,,,0.048040000000,   1.49200,
,,,0.048044000000,   1.49200,
,,,0.048048000000,   1.49200,
,,,0.048052000000,   1.49200,
,,,0.048056000000,   1.49200,
,,,0.048060000000,   1.49200,
,,,0.048064000000,   1.49200,
,,,0.048068000000,   1.49200,
,,,0.048072000000,   1.49200,
,,,0.048076000000,   1.49200,
,,,0.048080000000,   1.49200,
,,,0.048084000000,   1.49200,
,,,0.048088000000,   1.49200,
,,,0.048092000000,   1.49200,
,,,0.048096000000,   1.49200,
,,,0.048100000000,   1.49200,
,,,0.048104000000,   1.49200,
,,,0.048108000000,   1.49200,
,,,0.048112000000,   1.49200,
,,,0.048116000000,   1.49200,
,,,0.048120000000,   1.49200,
,,,0.048124000000,   1.49200,
,,,0.048128000000,   1.49200,
,,,0.048132000000,   1.49200,
,,,0.048136000000,   1.49200,
,,,0.048140000000,   1.49200,
,,,0.048144000000,   1.49200,
,,,0.048148000000,   1.49200,
,,,0.048152000000,   1.49200,
,,,0.048156000000,   1.49200,
,,,0.048160000000,   1.49200,
,,,0.048164000000,   1.49200,
,,,0.048168000000,   1.49200,
,,,0.048172000000,   1.49200,
,,,0.048176000000,   1.49200,
,,,0.048180000000,   1.49200,
,,,0.048184000000,   1.49200,
,,,0.048188000000,   1.49200,
,,,0.048192000000,   1.49200,
,,,0.048196000000,   1.49200,
,,,0.048200000000,   1.49200,
,,,0.048204000000,   1.49200,
,,,0.048208000000,   1.49200,
,,,0.048212000000,   1.49200,
,,,0.048216000000,   1.49200,
,,,0.048220000000,   1.49200,
,,,0.048224000000,   1.49200,
,,,0.048228000000,   1.49200,
,,,0.048232000000,   1.49200,
,,,0.048236000000,   1.49200,
,,,0.048240000000,   1.49200,
,,,0.048244000000,   1.49200,
,,,0.048248000000,   1.49200,
,,,0.048252000000,   1.49200,
,,,0.048256000000,   1.49200,
,,,0.048260000000,   1.49200,
,,,0.048264000000,   1.49200,
,,,0.048268000000,   1.49200,
,,,0.048272000000,   1.49200,
,,,0.048276000000,   1.49200,
,,,0.048280000000,   1.49200,
,,,0.048284000000,   1.49200,
,,,0.048288000000,   1.49200,
,,,0.048292000000,   1.49200,
,,,0.048296000000,   1.49200,
,,,0.048300000000,   1.49200,
,,,0.048304000000,   1.49200,
,,,0.048308000000,   1.49200,
,,,0.048312000000,   1.49200,
,,,0.048316000000,   1.49200,
,,,0.048320000000,   1.49200,
,,,0.048324000000,   1.49200,
,,,0.048328000000,   1.49200,
,,,0.048332000000,   1.49200,
,,,0.048336000000,   1.49200,
,,,0.048340000000,   1.49200,
,,,0.048344000000,   1.49200,
,,,0.048348000000,   1.49200,
,,,0.048352000000,   1.49200,
,,,0.048356000000,   1.49200,
,,,0.048360000000,   1.49200,
,,,0.048364000000,   1.49200,
,,,0.048368000000,   1.49200,
,,,0.048372000000,   1.49200,
,,,0.048376000000,   1.49200,
,,,0.048380000000,   1.49200,
,,,0.048384000000,   1.49200,
,,,0.048388000000,   1.49200,
,,,0.048392000000,   1.49200,
,,,0.048396000000,   1.49200,
